,fidelity,sex,age,service,assortment,accessibility,price
0,n,f,34,2,2,1,1
1,n,f,34,2,2,1,1
2,n,m,34,3,2,4,2
3,n,f,34,4,3,3,3
4,n,f,34,4,3,1,4
5,n,f,34,2,3,3,3
6,n,f,34,5,1,4,2
7,n,f,34,2,3,3,3
8,n,f,34,4,3,3,3
9,n,f,34,3,2,5,4
10,n,f,34,4,3,1,4
11,n,f,29,4,1,3,3
12,n,f,34,4,3,3,3
13,n,f,34,3,5,1,3
14,n,f,34,4,4,3,3
15,n,m,34,1,4,2,3
16,n,f,35,4,3,4,2
17,n,f,34,3,2,3,3
18,n,f,34,4,1,3,3
19,n,f,34,3,2,1,4
20,n,f,34,3,2,3,3
21,n,f,35,3,2,3,3
22,n,f,34,4,3,1,4
23,n,m,34,3,2,4,2
24,n,f,32,1,3,1,4
25,n,f,32,4,3,3,5
26,n,f,33,4,1,5,4
27,n,f,34,5,1,4,2
28,n,f,32,1,3,1,4
29,n,f,34,4,4,3,3
30,n,f,34,4,4,3,3
31,n,f,34,1,5,3,3
32,n,f,34,4,4,1,4
33,n,f,32,4,3,3,5
34,n,f,29,4,1,3,3
35,n,f,30,4,3,5,4
36,n,f,31,3,1,2,3
37,n,f,34,4,1,3,1
38,n,m,34,1,4,2,3
39,n,f,31,3,1,2,3
40,n,f,34,4,3,3,3
41,n,f,34,2,4,3,5
42,n,f,34,4,1,1,2
43,n,m,34,5,1,3,3
44,n,f,34,2,2,1,1
45,n,f,34,5,1,4,2
46,n,f,33,4,1,5,4
47,n,f,30,4,3,5,4
48,n,f,34,3,2,3,3
49,n,f,34,4,4,3,3
50,n,f,34,1,5,3,3
51,n,f,32,4,3,3,5
52,n,f,34,1,5,3,3
53,n,f,34,2,3,3,3
54,n,f,30,4,3,5,4
55,n,f,34,3,2,5,4
56,n,f,30,4,3,5,4
57,n,m,34,1,1,4,1
58,n,f,34,3,2,3,3
59,n,f,34,4,3,1,4
60,n,f,34,4,1,1,2
61,n,f,34,3,2,3,3
62,n,f,34,3,2,3,3
63,n,f,34,4,3,1,2
64,n,f,32,4,3,3,5
65,n,f,34,3,2,1,4
66,n,f,34,2,4,1,4
67,n,f,31,3,1,2,3
68,n,f,34,4,1,3,3
69,n,m,34,3,2,4,2
70,n,f,34,2,3,3,3
71,n,f,34,3,2,3,3
72,n,f,34,2,3,3,3
73,n,m,34,3,2,4,2
74,n,f,34,5,1,1,3
75,n,f,34,4,3,3,3
76,n,f,34,2,3,3,1
77,n,f,34,2,2,1,1
78,n,f,34,4,3,1,4
79,n,f,34,2,4,1,4
80,n,f,34,4,3,1,4
81,n,f,34,4,4,3,3
82,n,f,32,4,3,3,5
83,n,f,31,2,3,3,3
84,n,f,34,3,2,5,4
85,n,f,34,3,2,3,3
86,n,f,29,4,1,3,3
87,n,f,34,2,3,3,1
88,n,f,33,4,1,5,4
89,n,f,34,3,2,1,4
90,n,m,34,5,1,3,3
91,n,f,34,4,4,1,4
92,n,f,32,1,3,1,4
93,n,f,34,4,4,3,3
94,n,f,35,4,3,4,2
95,n,f,34,3,5,1,3
96,n,f,31,2,3,3,3
97,n,f,32,1,3,1,4
98,n,f,31,3,1,2,3
99,n,m,34,1,1,4,1
100,n,f,34,3,2,3,3
101,n,f,34,4,4,3,3
102,n,f,34,4,3,1,2
103,n,m,34,1,1,4,1
104,n,f,34,4,1,1,2
105,n,f,35,3,2,3,3
106,n,f,31,2,3,3,3
107,n,f,34,3,2,3,3
108,n,f,31,2,3,3,3
109,n,f,34,4,3,1,4
110,n,f,34,4,1,3,1
111,n,f,34,5,1,1,3
112,n,f,35,4,3,4,2
113,n,f,31,3,1,2,3
114,n,f,35,2,3,1,4
115,n,f,31,3,1,2,3
116,n,f,34,4,1,3,1
117,n,f,34,2,3,3,1
118,n,f,34,3,2,5,4
119,n,f,32,4,3,3,5
120,n,f,34,2,4,3,5
121,n,f,34,3,5,1,3
122,n,f,35,4,3,4,2
123,n,f,34,4,4,3,3
124,n,m,34,2,2,3,3
125,n,f,34,1,5,3,3
126,n,f,31,4,3,1,3
127,n,f,34,4,4,1,4
128,n,f,34,4,1,3,1
129,n,f,34,4,4,1,4
130,n,f,34,2,4,1,4
131,n,f,34,5,1,1,3
132,n,m,34,1,1,4,1
133,n,f,34,5,1,4,2
134,n,f,34,5,1,4,2
135,n,f,29,4,1,3,3
136,n,f,30,4,3,5,4
137,n,f,34,4,1,3,3
138,n,f,34,1,5,3,3
139,n,f,34,4,3,1,4
140,n,f,34,2,2,1,1
141,n,f,34,3,2,3,3
142,n,f,34,5,1,1,3
143,n,f,33,4,1,5,4
144,n,f,34,4,3,1,4
145,n,f,34,4,4,3,3
146,n,m,34,1,1,4,1
147,n,f,34,3,2,3,3
148,n,f,34,2,4,3,5
149,n,f,31,2,3,3,3
150,n,m,34,1,4,2,3
151,n,f,35,4,3,4,2
152,n,f,31,4,3,1,3
153,n,f,34,4,1,3,1
154,n,f,34,3,2,3,3
155,n,f,34,4,3,1,4
156,n,f,34,4,3,3,3
157,n,f,34,1,5,3,3
158,n,f,35,3,2,3,3
159,n,f,31,2,3,3,3
160,n,f,34,3,2,3,3
161,n,f,30,4,3,5,4
162,n,m,34,3,2,4,2
163,n,f,31,4,3,1,3
164,n,f,34,3,2,3,3
165,n,f,34,4,4,3,3
166,n,f,29,4,1,3,3
167,n,f,34,3,2,3,3
168,n,m,34,5,1,3,3
169,n,f,34,3,2,5,4
170,n,f,34,4,3,1,4
171,n,f,34,4,1,1,2
172,n,f,32,1,3,1,4
173,n,f,29,4,1,3,3
174,n,f,34,4,1,3,1
175,n,f,29,4,1,3,3
176,n,f,31,4,3,1,3
177,n,f,34,4,3,1,4
178,n,f,31,3,1,2,3
179,n,f,34,4,1,3,3
180,n,f,34,4,3,1,2
181,n,m,34,5,1,3,3
182,n,f,34,3,2,3,3
183,n,f,34,4,3,3,3
184,n,f,34,3,2,3,3
185,n,f,34,4,1,1,2
186,n,f,31,3,1,2,3
187,n,f,31,3,1,2,3
188,n,f,34,4,3,3,3
189,n,f,35,4,3,4,2
190,n,f,33,4,1,5,4
191,n,f,34,3,2,5,4
192,n,f,31,2,3,3,3
193,n,f,31,4,3,1,3
194,n,f,34,4,3,1,2
195,n,m,34,3,2,4,2
196,n,f,34,4,1,3,1
197,n,f,34,2,3,3,3
198,n,f,31,3,1,2,3
199,n,f,34,2,2,1,1
200,n,m,34,1,4,2,3
201,n,f,35,4,3,4,2
202,n,f,35,2,3,1,4
203,n,f,34,4,1,1,2
204,n,f,29,4,1,3,3
205,n,m,34,2,2,3,3
206,n,f,34,4,1,3,1
207,n,f,34,3,2,5,4
208,n,f,34,4,4,1,4
209,n,m,34,2,2,3,3
210,n,f,34,1,5,3,3
211,n,f,34,3,2,5,4
212,n,m,34,5,1,3,3
213,n,f,30,4,3,5,4
214,n,m,34,3,2,4,2
215,n,f,34,4,3,3,3
216,n,f,34,4,3,1,2
217,n,f,31,4,3,1,3
218,n,f,35,2,3,1,4
219,n,f,34,2,4,1,4
220,n,m,34,1,4,2,3
221,n,f,34,4,3,1,4
222,n,f,34,5,1,1,3
223,n,f,31,2,3,3,3
224,n,f,31,3,1,2,3
225,n,f,34,4,3,1,4
226,n,f,34,3,2,3,3
227,n,f,34,4,3,1,4
228,n,m,34,1,1,4,1
229,n,f,31,3,1,2,3
230,n,f,34,3,2,3,3
231,n,f,31,4,3,1,3
232,n,f,34,2,4,1,4
233,n,f,32,1,3,1,4
234,n,m,34,2,2,3,3
235,n,f,34,4,3,3,3
236,n,f,32,4,3,3,5
237,n,f,34,4,1,3,1
238,n,f,29,4,1,3,3
239,n,f,34,4,4,1,4
240,n,f,34,3,2,3,3
241,n,f,34,4,3,1,4
242,n,f,35,4,3,4,2
243,n,f,34,1,5,3,3
244,n,f,34,2,4,3,5
245,n,f,34,1,5,3,3
246,n,f,34,4,3,3,3
247,n,f,34,3,2,3,3
248,n,f,34,3,2,3,3
249,n,f,34,4,1,3,1
250,n,f,34,4,1,3,1
251,n,f,34,1,5,3,3
252,n,f,31,2,3,3,3
253,n,m,34,1,1,4,1
254,n,f,35,2,3,1,4
255,n,f,34,5,1,1,3
256,n,f,35,4,3,4,2
257,n,m,34,5,1,3,3
258,n,f,35,4,3,4,2
259,n,f,34,3,2,3,3
260,n,f,34,3,2,3,3
261,n,f,34,4,3,1,4
262,n,f,34,4,1,1,2
263,n,f,35,2,3,1,4
264,n,f,29,4,1,3,3
265,n,f,34,3,2,3,3
266,n,m,34,2,2,3,3
267,n,f,31,2,3,3,3
268,n,f,31,4,3,1,3
269,n,f,34,4,1,1,2
270,n,m,34,5,1,3,3
271,n,f,34,4,1,3,3
272,n,f,34,3,2,3,3
273,n,m,34,3,2,4,2
274,n,f,34,1,5,3,3
275,n,f,34,3,2,3,3
276,n,f,34,4,1,3,1
277,n,f,35,4,3,4,2
278,n,m,34,1,1,4,1
279,n,f,34,4,4,3,3
280,n,f,34,3,2,3,3
281,n,f,34,4,4,3,3
282,n,f,32,1,3,1,4
283,n,f,30,4,3,5,4
284,n,f,34,4,3,5,1
285,n,f,34,4,1,3,1
286,n,f,34,4,3,1,2
287,n,f,34,4,3,1,2
288,n,f,34,4,4,3,3
289,n,m,34,3,2,4,2
290,n,f,34,4,3,3,3
291,n,f,34,2,3,3,3
292,n,f,35,3,2,3,3
293,n,f,31,2,3,3,3
294,n,f,34,2,3,3,1
295,n,f,31,4,3,1,3
296,n,f,35,4,3,4,2
297,n,f,34,4,4,3,3
298,n,m,34,5,1,3,3
299,n,f,29,4,1,3,3
300,n,f,34,4,3,3,3
301,n,f,34,3,2,1,4
302,n,f,33,4,1,5,4
303,n,m,34,3,2,4,2
304,n,f,34,4,3,1,4
305,n,f,35,2,3,1,4
306,n,f,35,3,2,3,3
307,n,f,34,4,3,1,2
308,n,f,34,4,1,3,3
309,n,f,34,3,2,1,4
310,n,f,32,1,3,1,4
311,n,f,31,3,1,2,3
312,n,f,34,3,2,3,3
313,n,f,34,4,3,3,3
314,n,f,32,4,3,3,5
315,n,f,35,2,3,1,4
316,n,f,34,3,2,3,3
317,n,m,34,1,1,4,1
318,n,f,34,4,1,1,2
319,n,m,34,5,1,3,3
320,n,f,34,3,2,3,3
321,n,f,34,4,3,5,1
322,n,f,34,4,4,3,3
323,n,f,33,4,1,5,4
324,n,f,34,2,4,1,4
325,n,f,34,4,3,1,4
326,n,f,34,4,3,1,2
327,n,f,33,4,1,5,4
328,n,f,34,2,3,3,3
329,n,f,34,3,2,3,3
330,n,f,34,3,2,3,3
331,n,f,34,2,2,1,1
332,n,f,34,5,1,4,2
333,n,f,34,3,2,3,3
334,n,f,34,4,3,1,4
335,n,f,34,4,1,3,1
336,n,f,34,3,2,1,4
337,n,f,33,4,1,5,4
338,n,f,34,4,3,5,1
339,n,f,34,3,2,3,3
340,n,f,34,4,1,3,3
341,n,f,34,3,2,3,3
342,n,f,33,4,1,5,4
343,n,m,34,5,1,3,3
344,n,m,34,1,4,2,3
345,n,f,34,2,2,1,1
346,n,m,34,2,2,3,3
347,n,f,35,2,3,1,4
348,n,f,34,4,1,3,1
349,n,f,34,4,4,1,4
350,n,f,34,4,4,3,3
351,n,f,34,3,2,3,3
352,n,f,34,4,3,3,3
353,n,f,32,1,3,1,4
354,n,f,31,2,3,3,3
355,n,f,32,1,3,1,4
356,n,f,31,3,1,2,3
357,n,m,34,5,1,3,3
358,n,m,34,1,1,4,1
359,n,f,34,3,2,3,3
360,n,f,34,2,3,3,1
361,n,f,34,2,2,1,1
362,n,f,34,3,2,5,4
363,n,m,34,5,1,3,3
364,n,f,32,1,3,1,4
365,n,f,35,2,3,1,4
366,n,f,29,4,1,3,3
367,n,f,35,4,3,4,2
368,n,f,34,2,4,1,4
369,n,f,34,4,4,1,4
370,n,f,34,2,3,3,1
371,n,f,34,2,3,3,1
372,n,f,34,4,4,1,4
373,n,f,34,4,3,1,4
374,n,f,34,2,2,1,1
375,n,m,34,1,4,2,3
376,n,f,34,4,1,1,2
377,n,f,35,3,2,3,3
378,n,m,34,3,2,4,2
379,n,f,34,4,4,3,3
380,n,f,32,4,3,3,5
381,n,f,34,4,3,3,3
382,n,f,29,4,1,3,3
383,n,f,34,3,2,3,3
384,n,f,34,4,1,1,2
385,n,f,34,3,5,1,3
386,n,f,34,1,5,3,3
387,n,m,34,3,2,4,2
388,n,f,34,4,4,1,4
389,n,f,34,4,3,5,1
390,n,f,34,4,3,1,2
391,n,f,34,4,3,1,4
392,n,f,34,4,4,3,3
393,n,f,35,3,2,3,3
394,n,m,34,2,2,3,3
395,n,f,34,3,2,3,3
396,n,f,34,3,2,3,3
397,n,f,34,4,3,5,1
398,n,f,34,4,3,1,2
399,n,f,32,1,3,1,4
400,n,f,34,3,2,3,3
401,n,f,33,4,1,5,4
402,n,f,34,4,4,3,3
403,n,f,32,1,3,1,4
404,n,f,34,4,3,5,1
405,n,f,35,3,2,3,3
406,n,f,35,2,3,1,4
407,n,m,34,1,4,2,3
408,n,m,34,2,2,3,3
409,n,f,31,3,1,2,3
410,n,f,35,2,3,1,4
411,n,f,31,3,1,2,3
412,n,f,32,4,3,3,5
413,n,f,34,4,4,3,3
414,n,f,34,4,1,1,2
415,n,f,34,1,5,3,3
416,n,f,34,3,5,1,3
417,n,f,34,2,4,1,4
418,n,f,31,4,3,1,3
419,n,f,34,4,4,1,4
420,n,f,34,4,1,3,1
421,n,f,34,2,2,1,1
422,n,f,34,3,2,5,4
423,n,f,30,4,3,5,4
424,n,f,34,4,3,5,1
425,n,f,34,1,5,3,3
426,n,m,34,1,4,2,3
427,n,f,34,2,4,3,5
428,n,f,30,4,3,5,4
429,n,f,34,3,2,3,3
430,n,f,31,4,3,1,3
431,n,f,34,4,3,1,4
432,n,f,34,4,3,1,4
433,n,f,34,3,2,3,3
434,n,f,34,2,4,3,5
435,n,f,34,5,1,4,2
436,n,f,34,4,3,3,3
437,n,m,34,5,1,3,3
438,n,f,34,3,2,3,3
439,n,f,29,4,1,3,3
440,n,m,34,1,1,4,1
441,n,f,35,3,2,3,3
442,n,f,34,5,1,1,3
443,n,f,34,4,1,1,2
444,n,f,34,3,2,1,4
445,n,f,31,2,3,3,3
446,n,f,34,3,2,5,4
447,n,m,34,2,2,3,3
448,n,f,34,3,2,3,3
449,n,f,34,3,2,3,3
450,n,f,34,3,2,3,3
451,n,f,34,3,2,3,3
452,n,f,31,3,1,2,3
453,n,f,34,4,1,3,3
454,n,f,34,3,2,3,3
455,n,f,34,4,4,3,3
456,n,f,35,2,3,1,4
457,n,f,31,2,3,3,3
458,n,m,34,1,1,4,1
459,n,f,34,3,2,3,3
460,n,f,34,5,1,4,2
461,n,m,34,3,2,4,2
462,n,f,34,4,3,3,3
463,n,f,32,4,3,3,5
464,n,f,34,4,4,3,3
465,n,f,34,4,4,3,3
466,n,f,32,4,3,3,5
467,n,f,34,3,2,3,3
468,n,f,34,3,5,1,3
469,n,f,34,2,3,3,3
470,n,f,34,5,1,1,3
471,n,f,34,3,5,1,3
472,n,f,33,4,1,5,4
473,n,f,34,3,2,1,4
474,n,f,34,3,2,5,4
475,n,f,34,4,3,5,1
476,n,f,34,4,3,3,3
477,n,f,34,3,2,3,3
478,n,f,34,4,1,3,3
479,n,f,34,4,4,1,4
480,n,f,35,2,3,1,4
481,n,f,34,4,3,3,3
482,n,f,34,4,1,1,2
483,n,f,34,2,4,1,4
484,n,f,34,3,2,3,3
485,n,f,34,2,3,3,3
486,n,f,34,4,3,3,3
487,n,f,31,3,1,2,3
488,n,m,34,1,4,2,3
489,n,f,34,4,4,3,3
490,n,f,34,4,1,3,1
491,n,f,34,4,1,3,3
492,n,f,34,2,4,1,4
493,n,f,34,4,3,5,1
494,n,m,34,1,4,2,3
495,n,f,34,3,2,3,3
496,n,f,34,5,1,4,2
497,n,f,35,2,3,1,4
498,n,f,34,3,2,5,4
499,n,f,34,4,1,3,3
500,n,f,34,3,2,3,3
501,n,f,34,4,4,1,4
502,n,f,34,3,2,3,3
503,n,m,34,1,4,2,3
504,n,f,34,4,1,1,2
505,n,f,34,4,1,1,2
506,n,f,34,5,1,1,3
507,n,f,34,4,3,1,2
508,n,f,34,3,2,3,3
509,n,f,29,4,1,3,3
510,n,f,34,1,5,3,3
511,n,f,34,4,3,3,3
512,n,f,35,4,3,4,2
513,n,f,33,4,1,5,4
514,n,m,34,3,2,4,2
515,n,f,34,4,4,3,3
516,n,m,34,5,1,3,3
517,n,f,34,3,5,1,3
518,n,f,34,3,2,3,3
519,n,f,34,4,3,1,2
520,n,f,34,3,2,3,3
521,n,m,34,2,2,3,3
522,n,f,34,4,4,3,3
523,n,m,34,3,2,4,2
524,n,m,34,1,4,2,3
525,n,f,34,4,4,3,3
526,n,f,34,1,5,3,3
527,n,f,34,5,1,1,3
528,n,f,35,2,3,1,4
529,n,f,30,4,3,5,4
530,n,m,34,5,1,3,3
531,n,f,34,3,2,5,4
532,n,f,35,2,3,1,4
533,n,f,29,4,1,3,3
534,n,f,32,4,3,3,5
535,n,f,34,4,3,1,2
536,n,f,34,3,5,1,3
537,n,f,31,3,1,2,3
538,n,f,34,2,3,3,1
539,n,f,34,2,2,1,1
540,n,f,31,2,3,3,3
541,n,f,34,2,2,1,1
542,n,f,31,4,3,1,3
543,n,f,34,1,5,3,3
544,n,m,34,5,1,3,3
545,n,f,31,4,3,1,3
546,n,m,34,3,2,4,2
547,n,m,34,2,2,3,3
548,n,f,33,4,1,5,4
549,n,f,34,4,4,1,4
550,n,f,34,4,3,3,3
551,n,m,34,1,4,2,3
552,n,f,35,4,3,4,2
553,n,f,35,3,2,3,3
554,n,f,32,4,3,3,5
555,n,f,34,4,3,1,2
556,n,f,30,4,3,5,4
557,n,m,34,1,4,2,3
558,n,f,34,4,3,1,4
559,n,f,34,2,4,1,4
560,n,f,34,4,3,3,3
561,n,f,34,2,4,1,4
562,n,f,34,2,3,3,1
563,n,f,34,2,4,1,4
564,n,f,34,4,3,1,4
565,n,m,34,3,2,4,2
566,n,f,34,4,4,3,3
567,n,f,34,4,1,3,1
568,n,f,34,4,3,1,2
569,n,f,35,2,3,1,4
570,n,f,32,4,3,3,5
571,n,f,34,4,4,3,3
572,n,f,34,4,3,1,4
573,n,f,34,4,3,3,3
574,n,f,30,4,3,5,4
575,n,f,35,4,3,4,2
576,n,f,34,4,4,1,4
577,n,f,34,4,3,1,4
578,n,f,34,4,1,1,2
579,n,f,34,2,2,1,1
580,n,f,34,3,2,3,3
581,n,f,31,3,1,2,3
582,n,f,34,3,2,3,3
583,n,f,30,4,3,5,4
584,n,f,31,3,1,2,3
585,n,f,32,4,3,3,5
586,n,f,34,2,4,1,4
587,n,f,34,4,3,1,2
588,n,f,35,4,3,4,2
589,n,f,34,1,5,3,3
590,n,f,35,4,3,4,2
591,n,f,34,4,4,3,3
592,n,f,34,4,3,3,3
593,n,f,34,4,3,5,1
594,n,m,34,3,2,4,2
595,n,f,34,4,1,3,1
596,n,f,30,4,3,5,4
597,n,f,34,4,3,3,3
598,n,f,34,2,2,1,1
599,n,f,34,2,4,3,5
600,n,f,31,4,3,1,3
601,n,f,34,4,3,3,3
602,n,f,34,2,3,3,3
603,n,f,30,4,3,5,4
604,n,f,34,4,1,3,3
605,n,f,34,4,3,3,3
606,n,f,34,2,4,1,4
607,n,m,34,2,2,3,3
608,n,f,34,3,2,3,3
609,n,f,34,4,3,1,4
610,n,f,34,3,2,5,4
611,n,f,35,3,2,3,3
612,n,f,34,2,4,3,5
613,n,f,31,4,3,1,3
614,n,f,30,4,3,5,4
615,n,f,34,5,1,1,3
616,n,f,34,2,4,1,4
617,n,f,34,4,4,3,3
618,n,f,31,4,3,1,3
619,n,f,34,5,1,1,3
620,n,f,32,4,3,3,5
621,n,f,34,3,5,1,3
622,n,f,34,2,3,3,1
623,n,f,34,2,3,3,1
624,n,f,32,1,3,1,4
625,n,m,34,3,2,4,2
626,n,f,32,1,3,1,4
627,n,f,34,2,3,3,3
628,n,f,35,4,3,4,2
629,n,f,34,4,3,5,1
630,n,f,34,2,4,3,5
631,n,f,34,3,2,3,3
632,n,f,29,4,1,3,3
633,n,f,35,4,3,4,2
634,n,f,34,3,2,3,3
635,n,f,31,2,3,3,3
636,n,m,34,5,1,3,3
637,n,f,29,4,1,3,3
638,n,f,34,3,2,3,3
639,n,m,34,1,1,4,1
640,n,f,32,4,3,3,5
641,n,f,30,4,3,5,4
642,n,f,31,2,3,3,3
643,n,m,34,1,4,2,3
644,n,f,34,3,2,1,4
645,n,f,34,4,3,1,4
646,n,f,35,2,3,1,4
647,n,f,34,3,2,3,3
648,n,f,34,4,4,1,4
649,n,f,34,1,5,3,3
650,n,m,34,5,1,3,3
651,n,f,34,4,1,3,1
652,n,f,34,3,2,1,4
653,n,f,34,3,2,1,4
654,n,f,34,2,3,3,1
655,n,m,34,1,4,2,3
656,n,f,34,4,4,3,3
657,n,f,34,4,1,3,3
658,n,f,34,2,2,1,1
659,n,f,35,4,3,4,2
660,n,f,35,2,3,1,4
661,n,m,34,3,2,4,2
662,n,f,34,5,1,4,2
663,n,f,34,3,2,3,3
664,n,f,34,4,3,3,3
665,n,f,34,4,1,3,3
666,n,f,30,4,3,5,4
667,n,f,32,4,3,3,5
668,n,f,31,2,3,3,3
669,n,f,34,3,2,5,4
670,n,f,34,4,1,3,3
671,n,f,34,3,2,3,3
672,n,m,34,3,2,4,2
673,n,m,34,1,1,4,1
674,n,f,34,5,1,4,2
675,n,f,34,4,3,1,4
676,n,f,34,3,2,3,3
677,n,f,34,4,4,3,3
678,n,f,31,4,3,1,3
679,n,f,33,4,1,5,4
680,n,m,34,5,1,3,3
681,n,f,34,2,2,1,1
682,n,f,34,5,1,1,3
683,n,f,34,4,3,1,2
684,n,f,34,4,4,3,3
685,n,f,34,2,3,3,3
686,n,f,31,2,3,3,3
687,n,f,34,3,2,3,3
688,n,m,34,2,2,3,3
689,n,f,34,5,1,4,2
690,n,f,34,2,3,3,3
691,n,f,32,1,3,1,4
692,n,f,34,3,2,3,3
693,n,m,34,5,1,3,3
694,n,f,34,4,3,3,3
695,n,f,34,2,2,1,1
696,n,m,34,3,2,4,2
697,n,f,34,2,4,3,5
698,n,f,34,2,4,3,5
699,n,f,34,2,4,1,4
700,n,f,34,3,2,3,3
701,n,f,34,4,3,3,3
702,n,m,34,5,1,3,3
703,n,f,34,4,3,3,3
704,n,f,34,3,2,3,3
705,n,f,34,4,3,5,1
706,n,f,34,4,3,1,4
707,n,f,34,4,3,3,3
708,n,f,34,2,4,1,4
709,n,f,34,3,2,3,3
710,n,f,34,2,2,1,1
711,n,f,34,2,2,1,1
712,n,f,34,4,1,1,2
713,n,f,34,4,4,1,4
714,n,f,34,4,1,1,2
715,n,f,34,5,1,4,2
716,n,f,34,4,1,3,3
717,n,f,34,3,2,3,3
718,n,f,34,4,3,5,1
719,n,f,34,3,5,1,3
720,n,f,33,4,1,5,4
721,n,f,34,3,5,1,3
722,n,f,32,1,3,1,4
723,n,f,33,4,1,5,4
724,n,f,34,4,3,1,4
725,n,f,31,3,1,2,3
726,n,m,34,1,4,2,3
727,n,f,33,4,1,5,4
728,n,f,35,4,3,4,2
729,n,f,34,3,2,3,3
730,n,f,32,1,3,1,4
731,n,f,35,2,3,1,4
732,n,f,34,3,2,3,3
733,n,f,34,3,2,3,3
734,n,f,33,4,1,5,4
735,n,m,34,5,1,3,3
736,n,f,34,2,3,3,1
737,n,f,34,3,2,3,3
738,n,f,35,3,2,3,3
739,n,f,29,4,1,3,3
740,n,f,34,4,3,1,2
741,n,f,34,5,1,4,2
742,n,f,34,2,3,3,3
743,n,f,34,3,2,3,3
744,n,f,34,5,1,4,2
745,n,f,31,2,3,3,3
746,n,f,34,4,3,1,2
747,n,m,34,1,1,4,1
748,n,f,34,4,4,3,3
749,n,f,31,4,3,1,3
750,n,f,34,3,2,3,3
751,n,f,34,4,4,1,4
752,n,f,34,3,2,3,3
753,n,m,34,1,4,2,3
754,n,f,35,4,3,4,2
755,n,f,34,3,2,1,4
756,n,f,35,3,2,3,3
757,n,f,34,4,3,1,4
758,n,f,34,4,3,1,4
759,n,f,32,1,3,1,4
760,n,f,34,1,5,3,3
761,n,f,34,3,2,3,3
762,n,f,34,4,3,5,1
763,n,f,35,2,3,1,4
764,n,f,34,3,2,3,3
765,n,f,34,4,1,1,2
766,n,f,29,4,1,3,3
767,n,m,34,1,4,2,3
768,n,f,31,2,3,3,3
769,n,f,31,4,3,1,3
770,n,m,34,2,2,3,3
771,n,f,34,3,2,3,3
772,n,f,32,4,3,3,5
773,n,f,34,4,3,3,3
774,n,f,34,4,4,1,4
775,n,f,34,4,3,1,2
776,n,f,34,4,3,3,3
777,n,m,34,2,2,3,3
778,n,f,35,2,3,1,4
779,n,f,34,2,4,3,5
780,n,f,34,5,1,4,2
781,n,f,34,3,2,3,3
782,n,f,34,4,4,1,4
783,n,f,34,3,5,1,3
784,n,f,34,2,3,3,1
785,n,f,34,4,3,3,3
786,n,m,34,5,1,3,3
787,n,f,34,3,2,3,3
788,n,f,34,4,1,3,3
789,n,f,34,3,2,1,4
790,n,f,34,4,3,1,4
791,n,f,34,4,3,3,3
792,n,f,34,4,4,1,4
793,n,f,34,2,4,3,5
794,n,f,34,3,2,3,3
795,n,m,34,5,1,3,3
796,n,f,34,4,1,3,1
797,n,f,31,2,3,3,3
798,n,f,35,4,3,4,2
799,n,f,34,4,4,1,4
800,n,f,31,2,3,3,3
801,n,m,34,1,1,4,1
802,n,f,34,4,4,1,4
803,n,f,31,2,3,3,3
804,n,f,31,4,3,1,3
805,n,f,34,3,2,1,4
806,n,f,34,4,3,1,4
807,n,f,34,5,1,1,3
808,n,f,34,3,5,1,3
809,n,f,35,3,2,3,3
810,n,f,34,4,1,1,2
811,n,f,34,4,4,3,3
812,n,f,34,3,2,5,4
813,n,f,29,4,1,3,3
814,n,f,34,3,5,1,3
815,n,f,34,2,3,3,1
816,n,f,33,4,1,5,4
817,n,m,34,2,2,3,3
818,n,f,34,3,2,3,3
819,n,m,34,2,2,3,3
820,n,f,34,4,3,5,1
821,n,f,34,4,4,3,3
822,n,f,34,3,2,1,4
823,n,f,34,3,2,3,3
824,n,f,29,4,1,3,3
825,n,f,34,3,2,3,3
826,n,f,34,3,2,3,3
827,n,f,31,2,3,3,3
828,n,f,34,4,3,1,2
829,n,f,34,3,2,5,4
830,n,f,34,4,1,1,2
831,n,f,34,5,1,1,3
832,n,f,34,3,2,3,3
833,n,f,34,4,1,3,1
834,n,f,34,3,5,1,3
835,n,f,34,2,2,1,1
836,n,f,34,3,2,5,4
837,n,f,34,5,1,1,3
838,n,m,34,5,1,3,3
839,n,m,34,2,2,3,3
840,n,f,34,4,3,1,2
841,n,f,34,4,3,1,4
842,n,f,35,2,3,1,4
843,n,f,34,2,4,1,4
844,n,f,34,2,3,3,3
845,n,f,31,4,3,1,3
846,n,f,34,3,5,1,3
847,n,f,34,4,3,3,3
848,n,f,31,2,3,3,3
849,n,f,34,4,3,5,1
850,n,f,34,3,2,3,3
851,n,f,34,4,3,1,2
852,n,f,34,2,4,3,5
853,n,f,34,3,5,1,3
854,n,f,34,5,1,4,2
855,n,f,34,3,2,3,3
856,n,f,34,4,3,3,3
857,n,f,34,3,2,1,4
858,n,f,34,2,4,3,5
859,n,f,34,4,1,1,2
860,n,m,34,3,2,4,2
861,n,f,29,4,1,3,3
862,n,f,34,3,2,1,4
863,n,f,34,4,3,1,4
864,n,f,32,4,3,3,5
865,n,f,34,5,1,4,2
866,n,f,34,3,2,3,3
867,n,f,34,5,1,4,2
868,n,f,33,4,1,5,4
869,n,f,35,4,3,4,2
870,n,f,34,4,1,3,3
871,n,f,34,4,4,1,4
872,n,f,34,3,2,3,3
873,n,f,34,4,3,1,2
874,n,f,32,4,3,3,5
875,n,f,34,2,3,3,3
876,n,f,33,4,1,5,4
877,n,f,34,2,3,3,1
878,n,f,34,2,4,3,5
879,n,f,34,3,2,3,3
880,n,f,34,3,2,3,3
881,n,f,30,4,3,5,4
882,n,f,34,4,1,3,3
883,n,f,34,4,1,3,3
884,n,m,34,2,2,3,3
885,n,m,34,1,4,2,3
886,n,f,34,2,3,3,3
887,n,f,32,1,3,1,4
888,n,f,34,2,4,3,5
889,n,m,34,1,1,4,1
890,n,f,34,4,3,3,3
891,n,f,34,3,2,3,3
892,n,f,35,3,2,3,3
893,n,f,34,5,1,1,3
894,n,f,31,4,3,1,3
895,n,f,34,4,3,3,3
896,n,f,34,3,2,1,4
897,n,f,32,4,3,3,5
898,n,f,34,4,4,3,3
899,n,f,34,4,4,3,3
900,n,f,34,2,4,1,4
901,n,f,34,4,3,5,1
902,n,f,31,3,1,2,3
903,n,f,29,4,1,3,3
904,n,f,34,3,2,3,3
905,n,f,34,3,5,1,3
906,n,f,33,4,1,5,4
907,n,m,34,1,1,4,1
908,n,f,34,3,2,5,4
909,n,f,34,4,1,3,3
910,n,f,32,1,3,1,4
911,n,f,34,5,1,4,2
912,n,f,34,4,3,1,4
913,n,m,34,5,1,3,3
914,n,f,33,4,1,5,4
915,n,f,34,5,1,4,2
916,n,m,34,5,1,3,3
917,n,f,34,4,3,3,3
918,n,f,34,4,4,3,3
919,n,m,34,3,2,4,2
920,n,f,34,2,4,3,5
921,n,m,34,3,2,4,2
922,n,f,34,4,3,5,1
923,n,f,29,4,1,3,3
924,n,f,34,2,3,3,1
925,n,f,34,2,3,3,1
926,n,f,34,4,4,1,4
927,n,f,33,4,1,5,4
928,n,f,34,4,3,1,2
929,n,f,34,4,3,3,3
930,n,f,34,4,1,3,1
931,n,f,34,3,5,1,3
932,n,f,34,4,4,3,3
933,n,f,34,2,3,3,3
934,n,f,34,3,2,3,3
935,n,f,34,5,1,4,2
936,n,f,35,4,3,4,2
937,n,f,34,4,1,3,1
938,n,f,34,2,3,3,1
939,n,f,32,1,3,1,4
940,n,m,34,3,2,4,2
941,n,f,34,4,4,3,3
942,n,f,34,3,5,1,3
943,n,f,34,5,1,4,2
944,n,f,35,3,2,3,3
945,n,f,34,5,1,1,3
946,n,m,34,3,2,4,2
947,n,f,34,4,1,3,3
948,n,f,34,3,2,3,3
949,n,f,30,4,3,5,4
950,n,m,34,5,1,3,3
951,n,f,32,4,3,3,5
952,n,f,35,4,3,4,2
953,n,f,34,2,3,3,3
954,n,m,34,1,4,2,3
955,n,f,34,3,5,1,3
956,n,m,34,1,1,4,1
957,n,f,30,4,3,5,4
958,n,f,34,5,1,1,3
959,n,f,34,4,4,1,4
960,n,f,34,3,2,3,3
961,n,f,31,3,1,2,3
962,n,f,32,1,3,1,4
963,n,f,34,4,3,5,1
964,n,f,34,3,2,3,3
965,n,f,34,4,3,5,1
966,n,f,34,3,2,3,3
967,n,f,34,3,2,3,3
968,n,m,34,2,2,3,3
969,n,f,30,4,3,5,4
970,n,f,34,4,3,5,1
971,n,f,34,1,5,3,3
972,n,f,34,2,3,3,1
973,n,f,34,3,2,5,4
974,n,f,34,3,2,3,3
975,n,f,34,2,2,1,1
976,n,f,34,4,4,3,3
977,n,f,34,3,2,3,3
978,n,f,34,4,3,3,3
979,n,f,32,1,3,1,4
980,n,f,35,2,3,1,4
981,n,f,34,5,1,1,3
982,n,f,34,4,3,3,3
983,n,f,34,3,5,1,3
984,n,f,34,4,1,1,2
985,n,f,34,3,2,1,4
986,n,f,34,4,1,3,3
987,n,m,34,3,2,4,2
988,n,f,34,2,2,1,1
989,n,f,35,3,2,3,3
990,n,f,34,3,2,3,3
991,n,f,34,4,1,1,2
992,n,f,34,3,2,1,4
993,n,f,34,1,5,3,3
994,n,f,34,3,2,3,3
995,n,f,34,2,3,3,3
996,n,f,34,3,2,3,3
997,n,f,34,3,2,3,3
998,n,f,34,4,3,5,1
999,n,f,34,3,2,3,3
1000,n,f,34,5,1,4,2
1001,n,f,34,4,1,1,2
1002,n,f,34,2,4,3,5
1003,n,f,34,4,4,3,3
1004,n,f,29,4,1,3,3
1005,n,f,34,4,3,1,4
1006,n,f,34,3,2,3,3
1007,n,f,34,1,5,3,3
1008,n,f,34,4,3,1,2
1009,n,f,32,4,3,3,5
1010,n,f,34,4,1,1,2
1011,n,f,34,2,2,1,1
1012,n,f,34,4,3,5,1
1013,n,f,29,4,1,3,3
1014,n,f,34,4,3,1,4
1015,n,m,34,2,2,3,3
1016,n,f,34,5,1,1,3
1017,n,f,34,4,3,1,4
1018,n,f,34,4,3,1,4
1019,n,f,34,3,2,5,4
1020,n,f,34,4,3,5,1
1021,n,f,34,3,2,3,3
1022,n,f,34,1,5,3,3
1023,n,f,34,3,2,3,3
1024,n,f,34,4,4,1,4
1025,n,f,34,3,2,3,3
1026,n,f,34,2,4,1,4
1027,n,f,31,4,3,1,3
1028,n,m,34,2,2,3,3
1029,n,m,34,1,1,4,1
1030,n,f,34,4,3,1,2
1031,n,f,34,2,3,3,1
1032,n,f,34,4,1,3,3
1033,n,f,34,4,3,1,4
1034,n,f,35,3,2,3,3
1035,n,f,32,1,3,1,4
1036,n,f,34,2,3,3,3
1037,n,f,34,4,3,5,1
1038,n,f,34,3,2,3,3
1039,n,m,34,2,2,3,3
1040,n,f,34,5,1,4,2
1041,n,f,34,3,2,3,3
1042,n,f,34,4,3,3,3
1043,n,f,35,3,2,3,3
1044,n,f,34,2,3,3,3
1045,n,f,34,3,2,1,4
1046,n,m,34,1,1,4,1
1047,n,f,34,5,1,4,2
1048,n,m,34,1,1,4,1
1049,n,f,34,4,3,3,3
1050,n,f,34,3,5,1,3
1051,n,f,34,3,5,1,3
1052,n,f,32,1,3,1,4
1053,n,f,34,3,2,1,4
1054,n,f,34,3,2,5,4
1055,n,f,34,3,2,3,3
1056,n,f,34,3,2,3,3
1057,n,f,34,3,2,3,3
1058,n,f,34,5,1,1,3
1059,n,f,33,4,1,5,4
1060,n,f,35,2,3,1,4
1061,n,f,32,4,3,3,5
1062,n,f,34,4,4,3,3
1063,n,f,34,4,3,1,4
1064,n,m,34,1,1,4,1
1065,n,f,35,2,3,1,4
1066,n,f,35,3,2,3,3
1067,n,f,34,2,4,3,5
1068,n,f,34,4,4,3,3
1069,n,f,34,4,3,3,3
1070,n,f,34,2,3,3,3
1071,n,f,34,3,2,1,4
1072,n,f,29,4,1,3,3
1073,n,f,31,3,1,2,3
1074,n,f,34,2,4,1,4
1075,n,f,31,3,1,2,3
1076,n,f,34,3,2,3,3
1077,n,f,34,4,1,3,1
1078,n,f,34,3,2,1,4
1079,n,f,34,4,3,3,3
1080,n,m,34,3,2,4,2
1081,n,f,34,2,3,3,1
1082,n,f,34,5,1,4,2
1083,n,m,34,2,2,3,3
1084,n,m,34,1,4,2,3
1085,n,f,34,2,2,1,1
1086,n,f,34,4,1,3,1
1087,n,m,34,2,2,3,3
1088,n,f,34,4,4,1,4
1089,n,f,35,3,2,3,3
1090,n,f,34,1,5,3,3
1091,n,f,34,4,3,1,4
1092,n,f,34,2,3,3,3
1093,n,f,34,3,2,3,3
1094,n,f,34,4,3,1,4
1095,n,m,34,1,4,2,3
1096,n,f,34,4,3,3,3
1097,n,f,34,2,4,3,5
1098,n,f,34,4,3,1,4
1099,n,f,34,4,3,3,3
1100,n,f,34,1,5,3,3
1101,n,f,29,4,1,3,3
1102,n,f,34,4,3,1,4
1103,n,f,34,4,1,1,2
1104,n,m,34,1,1,4,1
1105,n,m,34,1,1,4,1
1106,n,m,34,1,1,4,1
1107,n,f,34,2,4,3,5
1108,n,f,33,4,1,5,4
1109,n,m,34,1,4,2,3
1110,n,f,30,4,3,5,4
1111,n,f,35,2,3,1,4
1112,n,f,34,2,3,3,3
1113,n,f,31,4,3,1,3
1114,n,f,31,2,3,3,3
1115,n,f,34,3,2,3,3
1116,n,f,34,4,1,1,2
1117,n,f,34,3,2,3,3
1118,n,f,34,4,4,3,3
1119,n,f,34,4,4,3,3
1120,n,f,34,2,4,1,4
1121,n,f,34,4,1,3,1
1122,n,f,34,4,4,3,3
1123,n,f,34,3,5,1,3
1124,n,f,34,2,3,3,3
1125,n,f,34,2,4,3,5
1126,n,f,34,2,4,1,4
1127,n,f,34,3,2,3,3
1128,n,f,34,1,5,3,3
1129,n,f,34,3,2,5,4
1130,n,m,34,2,2,3,3
1131,n,f,34,2,3,3,1
1132,n,f,34,5,1,1,3
1133,n,f,34,1,5,3,3
1134,n,f,34,4,1,3,3
1135,n,f,32,4,3,3,5
1136,n,m,34,2,2,3,3
1137,n,f,34,4,1,1,2
1138,n,f,34,2,4,1,4
1139,n,f,34,3,5,1,3
1140,n,f,34,3,2,1,4
1141,n,f,34,3,2,1,4
1142,n,f,34,4,3,1,4
1143,n,f,34,3,2,5,4
1144,n,f,34,3,2,3,3
1145,n,f,34,4,3,1,4
1146,n,f,34,3,2,3,3
1147,n,f,35,3,2,3,3
1148,n,f,31,3,1,2,3
1149,n,f,31,2,3,3,3
1150,n,f,34,4,4,3,3
1151,n,f,34,4,4,1,4
1152,n,f,35,3,2,3,3
1153,n,f,34,4,3,3,3
1154,n,f,34,1,5,3,3
1155,n,f,34,2,2,1,1
1156,n,f,35,3,2,3,3
1157,n,f,34,3,2,3,3
1158,n,f,34,4,1,3,1
1159,n,f,35,4,3,4,2
1160,n,f,34,3,2,5,4
1161,n,f,31,4,3,1,3
1162,n,f,34,4,1,3,1
1163,n,f,34,3,2,3,3
1164,n,f,31,3,1,2,3
1165,n,f,34,2,4,3,5
1166,n,f,34,4,1,3,3
1167,n,f,35,4,3,4,2
1168,n,m,34,1,1,4,1
1169,n,f,32,4,3,3,5
1170,n,f,30,4,3,5,4
1171,n,f,34,3,2,5,4
1172,n,f,34,4,3,3,3
1173,n,f,31,4,3,1,3
1174,n,f,34,3,2,3,3
1175,n,f,34,2,2,1,1
1176,n,f,34,4,3,1,4
1177,n,f,34,5,1,1,3
1178,n,f,30,4,3,5,4
1179,n,f,34,5,1,1,3
1180,n,f,34,5,1,1,3
1181,n,f,34,3,2,3,3
1182,n,f,34,4,1,3,3
1183,n,m,34,1,4,2,3
1184,n,f,29,4,1,3,3
1185,n,f,34,2,4,3,5
1186,n,f,34,4,4,3,3
1187,n,m,34,2,2,3,3
1188,n,f,31,4,3,1,3
1189,n,m,34,1,1,4,1
1190,n,f,34,4,3,5,1
1191,n,f,34,1,5,3,3
1192,n,f,34,4,3,1,4
1193,n,f,34,3,2,3,3
1194,n,f,34,3,2,1,4
1195,n,f,34,4,4,3,3
1196,n,f,34,4,1,3,1
1197,n,f,31,4,3,1,3
1198,n,f,32,4,3,3,5
1199,n,f,34,3,2,3,3
1200,n,m,34,1,4,2,3
1201,n,f,34,3,2,1,4
1202,n,f,31,4,3,1,3
1203,n,f,34,2,3,3,1
1204,n,f,34,5,1,1,3
1205,n,f,34,5,1,4,2
1206,n,f,30,4,3,5,4
1207,n,f,34,4,4,3,3
1208,n,f,31,3,1,2,3
1209,n,f,34,3,2,3,3
1210,n,f,34,2,3,3,3
1211,n,f,34,4,3,1,4
1212,n,f,34,2,4,1,4
1213,n,f,31,4,3,1,3
1214,n,f,34,3,2,5,4
1215,n,f,34,3,2,1,4
1216,n,f,34,4,3,5,1
1217,n,f,34,4,3,1,2
1218,n,f,34,2,3,3,1
1219,n,f,35,3,2,3,3
1220,n,f,32,1,3,1,4
1221,n,f,34,2,4,3,5
1222,n,f,34,2,4,1,4
1223,n,f,30,4,3,5,4
1224,n,f,34,4,1,3,3
1225,n,f,34,3,2,3,3
1226,n,f,34,3,2,3,3
1227,n,f,34,3,2,3,3
1228,n,f,34,5,1,4,2
1229,n,f,32,1,3,1,4
1230,n,f,33,4,1,5,4
1231,n,m,34,1,1,4,1
1232,n,m,34,1,4,2,3
1233,n,f,34,2,2,1,1
1234,n,f,34,4,3,3,3
1235,n,f,34,2,3,3,1
1236,n,m,34,5,1,3,3
1237,n,f,34,2,3,3,3
1238,n,f,34,5,1,1,3
1239,n,f,34,4,3,1,4
1240,n,f,35,3,2,3,3
1241,n,m,34,5,1,3,3
1242,n,f,34,4,3,3,3
1243,n,f,34,3,5,1,3
1244,n,m,34,3,2,4,2
1245,n,f,34,2,4,1,4
1246,n,f,34,4,3,5,1
1247,n,f,34,2,3,3,1
1248,n,f,34,3,2,3,3
1249,n,f,35,3,2,3,3
1250,n,f,32,4,3,3,5
1251,n,f,34,5,1,4,2
1252,n,f,33,4,1,5,4
1253,n,f,34,2,2,1,1
1254,n,f,34,4,4,3,3
1255,n,f,34,3,5,1,3
1256,n,f,34,2,3,3,1
1257,n,f,34,4,4,3,3
1258,n,f,34,3,2,3,3
1259,n,f,34,4,4,3,3
1260,n,f,33,4,1,5,4
1261,n,f,34,2,2,1,1
1262,n,f,35,3,2,3,3
1263,n,f,35,3,2,3,3
1264,n,f,34,2,4,3,5
1265,n,f,34,2,4,1,4
1266,n,f,34,4,4,3,3
1267,n,f,30,4,3,5,4
1268,n,f,34,4,4,1,4
1269,n,f,34,4,1,3,3
1270,n,f,32,1,3,1,4
1271,n,f,34,5,1,1,3
1272,n,f,34,4,3,1,4
1273,n,f,34,3,2,3,3
1274,n,m,34,2,2,3,3
1275,n,f,34,4,4,3,3
1276,n,f,31,3,1,2,3
1277,n,f,34,4,4,3,3
1278,n,f,34,2,3,3,3
1279,n,f,34,2,3,3,1
1280,n,f,34,3,2,3,3
1281,n,f,35,2,3,1,4
1282,n,f,34,3,2,5,4
1283,n,f,34,4,3,3,3
1284,n,f,34,4,3,5,1
1285,n,f,35,2,3,1,4
1286,n,f,34,3,5,1,3
1287,n,f,34,4,3,1,4
1288,n,f,34,2,4,3,5
1289,n,f,34,4,3,5,1
1290,n,f,34,4,4,3,3
1291,n,f,35,4,3,4,2
1292,n,f,34,4,3,3,3
1293,n,f,34,4,3,3,3
1294,n,f,34,4,3,1,4
1295,n,f,30,4,3,5,4
1296,n,f,34,4,3,3,3
1297,n,f,32,1,3,1,4
1298,n,f,34,3,2,3,3
1299,n,f,34,3,2,5,4
1300,n,f,31,2,3,3,3
1301,n,f,34,3,2,3,3
1302,n,f,34,4,3,1,4
1303,n,f,34,4,3,1,2
1304,n,f,34,3,2,1,4
1305,n,f,34,2,4,3,5
1306,n,f,34,4,1,3,3
1307,n,f,34,3,2,3,3
1308,n,m,34,1,4,2,3
1309,n,f,34,2,3,3,1
1310,n,f,31,2,3,3,3
1311,n,m,34,1,1,4,1
1312,n,f,34,2,4,3,5
1313,n,m,34,2,2,3,3
1314,n,f,34,5,1,1,3
1315,n,m,34,1,4,2,3
1316,n,f,35,3,2,3,3
1317,n,f,34,3,2,3,3
1318,n,f,34,2,4,1,4
1319,n,f,35,2,3,1,4
1320,y,f,34,2,5,2,3
1321,y,f,42,4,4,3,3
1322,y,f,35,4,4,4,2
1323,y,f,34,5,4,3,5
1324,y,m,34,3,5,3,1
1325,y,f,35,3,5,5,4
1326,y,m,34,4,4,3,5
1327,y,f,36,4,4,5,4
1328,y,m,34,4,4,3,3
1329,y,f,34,3,5,5,4
1330,y,f,34,4,4,5,4
1331,y,f,34,4,4,5,4
1332,y,f,34,4,5,4,2
1333,y,f,34,4,3,3,3
1334,y,m,34,4,4,3,3
1335,y,f,34,5,3,4,2
1336,y,f,34,4,4,5,4
1337,y,f,42,4,4,3,3
1338,y,f,35,3,5,5,4
1339,y,f,34,4,4,5,4
1340,y,m,34,4,4,5,4
1341,y,m,35,4,4,5,4
1342,y,f,34,4,3,3,3
1343,y,m,34,4,4,3,3
1344,y,m,34,3,2,3,5
1345,y,m,37,3,3,3,5
1346,y,f,35,3,4,5,4
1347,y,m,34,3,4,5,4
1348,y,m,34,4,4,3,5
1349,y,f,35,3,4,5,4
1350,y,m,34,5,4,5,4
1351,y,m,34,3,5,3,1
1352,y,f,35,4,4,5,4
1353,y,f,42,4,4,3,3
1354,y,f,34,4,4,5,4
1355,y,f,34,4,4,5,4
1356,y,f,34,5,5,3,5
1357,y,f,34,4,4,3,3
1358,y,f,35,3,4,5,4
1359,y,f,35,4,4,3,3
1360,y,m,34,4,4,3,5
1361,y,m,34,3,5,3,1
1362,y,m,36,4,4,5,4
1363,y,m,34,3,2,3,5
1364,y,f,39,3,4,3,3
1365,y,f,35,4,4,5,4
1366,y,m,34,3,5,3,1
1367,y,m,34,3,4,5,4
1368,y,f,34,1,3,5,4
1369,y,f,34,3,5,3,3
1370,y,f,34,3,2,3,3
1371,y,f,34,1,3,5,4
1372,y,f,35,4,4,4,2
1373,y,f,34,3,5,5,4
1374,y,f,34,4,4,5,4
1375,y,f,34,4,4,3,3
1376,y,f,35,3,4,3,3
1377,y,m,34,4,4,5,4
1378,y,f,35,4,4,3,3
1379,y,f,34,5,5,3,5
1380,y,m,34,4,4,5,4
1381,y,f,34,4,4,3,3
1382,y,f,34,1,3,5,4
1383,y,f,36,4,4,5,4
1384,y,f,35,4,5,3,5
1385,y,m,34,3,4,5,4
1386,y,f,34,5,3,4,2
1387,y,f,34,4,4,3,5
1388,y,f,34,4,5,4,2
1389,y,f,34,3,5,5,4
1390,y,f,35,4,4,3,3
1391,y,f,34,4,4,3,3
1392,y,f,34,5,4,3,5
1393,y,f,35,4,4,5,4
1394,y,m,34,3,5,3,1
1395,y,f,34,5,4,3,5
1396,y,f,35,4,4,4,2
1397,y,f,42,4,4,3,3
1398,y,f,35,4,5,3,5
1399,y,m,36,4,4,3,3
1400,y,f,35,4,4,3,3
1401,y,f,34,3,2,3,3
1402,y,f,35,4,5,4,2
1403,y,m,34,4,4,5,4
1404,y,f,34,5,5,3,5
1405,y,f,35,4,4,3,3
1406,y,m,37,3,3,3,5
1407,y,f,34,3,5,3,3
1408,y,m,34,4,4,3,3
1409,y,f,34,3,5,5,4
1410,y,f,39,3,4,3,3
1411,y,f,35,3,4,5,4
1412,y,m,34,4,4,3,3
1413,y,m,34,4,4,1,3
1414,y,f,34,4,4,5,4
1415,y,m,37,3,3,3,5
1416,y,m,34,4,4,3,5
1417,y,f,35,4,5,4,2
1418,y,f,34,5,5,3,5
1419,y,f,34,3,5,3,3
1420,y,f,35,4,4,5,4
1421,y,m,37,3,3,3,5
1422,y,f,34,4,4,5,4
1423,y,f,34,1,3,5,4
1424,y,f,35,4,4,3,3
1425,y,f,34,4,1,3,3
1426,y,f,34,3,5,5,4
1427,y,f,34,3,5,5,4
1428,y,f,34,4,4,3,3
1429,y,f,34,4,4,3,5
1430,y,m,34,4,4,5,4
1431,y,m,36,4,4,5,4
1432,y,f,34,4,3,3,3
1433,y,f,35,4,5,4,2
1434,y,f,34,2,2,3,3
1435,y,f,42,4,4,3,3
1436,y,m,34,4,4,3,5
1437,y,f,34,4,4,5,4
1438,y,f,34,4,4,3,5
1439,y,f,34,4,3,3,3
1440,y,f,34,5,5,3,5
1441,y,f,35,4,4,3,3
1442,y,m,34,5,4,5,4
1443,y,f,35,4,4,3,3
1444,y,f,34,3,5,5,4
1445,y,m,34,5,4,5,4
1446,y,f,34,4,4,5,4
1447,y,f,34,4,4,3,3
1448,y,f,41,4,4,3,5
1449,y,f,41,4,4,3,5
1450,y,f,34,3,5,5,4
1451,y,f,35,4,4,3,3
1452,y,f,34,4,1,3,3
1453,y,f,35,3,4,3,3
1454,y,f,34,4,4,5,4
1455,y,f,35,4,4,3,3
1456,y,f,34,4,4,5,4
1457,y,f,35,4,4,4,2
1458,y,f,35,3,4,5,4
1459,y,f,35,4,4,3,3
1460,y,f,35,4,4,5,4
1461,y,m,34,4,4,3,5
1462,y,m,34,4,4,3,3
1463,y,f,34,3,5,3,3
1464,y,f,34,4,5,4,2
1465,y,f,34,1,3,5,4
1466,y,f,34,4,4,5,4
1467,y,m,34,4,4,5,4
1468,y,f,34,4,4,3,5
1469,y,f,35,4,4,4,2
1470,y,f,35,4,5,3,5
1471,y,f,34,4,5,3,3
1472,y,m,34,3,2,3,5
1473,y,f,35,4,4,3,3
1474,y,m,34,4,4,3,5
1475,y,m,34,4,4,3,3
1476,y,f,34,2,5,2,3
1477,y,f,39,3,4,3,3
1478,y,m,35,4,4,5,4
1479,y,f,34,3,5,5,4
1480,y,f,34,3,5,5,4
1481,y,m,35,4,4,5,4
1482,y,m,36,4,4,5,4
1483,y,f,34,3,5,5,4
1484,y,f,34,3,5,3,3
1485,y,f,34,4,1,3,3
1486,y,m,34,4,4,5,4
1487,y,f,39,3,4,3,3
1488,y,m,34,3,5,3,1
1489,y,f,35,4,4,5,4
1490,y,f,34,4,4,3,3
1491,y,f,34,4,4,3,3
1492,y,f,34,4,4,5,4
1493,y,f,35,4,4,5,4
1494,y,f,41,4,4,3,5
1495,y,f,35,4,5,4,2
1496,y,f,42,4,4,3,3
1497,y,f,34,4,4,5,4
1498,y,m,34,4,4,5,4
1499,y,f,34,1,3,5,4
1500,y,f,35,3,4,5,4
1501,y,f,34,4,1,3,3
1502,y,f,35,4,4,4,2
1503,y,f,34,2,2,3,3
1504,y,f,34,5,5,5,4
1505,y,f,34,4,4,5,5
1506,y,f,34,4,5,3,3
1507,y,m,34,3,4,5,4
1508,y,m,34,4,4,3,3
1509,y,m,34,5,4,5,4
1510,y,f,35,3,4,3,3
1511,y,m,34,4,4,3,3
1512,y,f,34,4,4,5,4
1513,y,m,34,4,4,5,4
1514,y,f,34,4,3,3,3
1515,y,f,34,4,1,3,3
1516,y,f,34,4,3,3,3
1517,y,f,34,2,5,2,3
1518,y,f,35,4,4,5,4
1519,y,f,35,4,4,3,3
1520,y,f,34,4,3,3,3
1521,y,f,34,5,5,5,4
1522,y,f,34,4,4,5,4
1523,y,f,34,4,4,3,3
1524,y,f,41,4,4,3,5
1525,y,m,34,3,2,3,5
1526,y,f,36,4,4,5,4
1527,y,f,34,3,5,5,4
1528,y,f,34,2,5,2,3
1529,y,f,34,3,5,5,4
1530,y,f,35,4,4,3,3
1531,y,m,34,4,4,3,5
1532,y,f,34,3,5,5,4
1533,y,f,34,2,2,3,3
1534,y,f,34,5,5,5,4
1535,y,f,34,2,5,2,3
1536,y,m,37,3,3,3,5
1537,y,f,34,3,5,5,4
1538,y,f,34,4,4,5,4
1539,y,f,34,4,4,5,4
1540,y,f,34,4,3,3,3
1541,y,f,34,4,5,4,2
1542,y,m,34,4,4,3,3
1543,y,f,34,4,4,3,5
1544,y,f,34,4,1,3,3
1545,y,f,34,3,2,3,3
1546,y,f,41,4,4,3,5
1547,y,m,34,3,2,3,5
1548,y,m,34,4,4,3,5
1549,y,f,34,3,5,5,4
1550,y,f,42,4,4,3,3
1551,y,f,34,5,5,3,5
1552,y,f,34,3,5,5,4
1553,y,f,34,1,3,5,4
1554,y,m,34,4,4,1,3
1555,y,f,35,3,4,5,4
1556,y,m,34,5,4,5,4
1557,y,f,35,4,4,5,4
1558,y,f,34,2,2,3,3
1559,y,m,34,3,5,3,1
1560,y,m,34,4,4,1,3
1561,y,f,34,4,4,3,3
1562,y,f,34,4,4,3,3
1563,y,f,34,4,4,5,4
1564,y,f,34,4,4,5,4
1565,y,m,37,3,3,3,5
1566,y,f,34,4,4,5,5
1567,y,f,39,3,4,3,3
1568,y,f,34,3,5,5,4
1569,y,f,34,4,4,3,5
1570,y,f,34,4,1,3,3
1571,y,m,34,3,2,3,5
1572,y,f,35,4,4,4,2
1573,y,f,35,4,4,3,3
1574,y,f,35,3,4,3,3
1575,y,f,34,4,4,3,3
1576,y,m,34,3,4,5,4
1577,y,m,34,3,4,5,4
1578,y,f,42,4,4,3,3
1579,y,m,34,4,4,5,4
1580,y,m,34,4,4,5,4
1581,y,m,34,4,4,1,3
1582,y,m,34,3,5,3,1
1583,y,m,36,4,4,5,4
1584,y,f,34,5,5,3,5
1585,y,f,34,3,5,5,4
1586,y,f,34,4,5,4,2
1587,y,f,34,4,5,4,2
1588,y,m,36,4,4,5,4
1589,y,f,34,5,5,3,5
1590,y,f,34,3,5,5,4
1591,y,f,34,4,4,3,3
1592,y,f,34,4,4,5,4
1593,y,f,34,4,5,3,3
1594,y,f,35,3,4,5,4
1595,y,f,34,4,4,5,4
1596,y,f,34,1,3,5,4
1597,y,m,34,3,2,3,5
1598,y,f,34,4,4,3,3
1599,y,f,35,3,4,5,4
1600,y,m,34,4,4,3,5
1601,y,f,34,4,4,5,4
1602,y,f,34,4,4,5,4
1603,y,f,34,4,4,5,4
1604,y,m,34,4,4,3,5
1605,y,m,34,3,4,5,4
1606,y,f,35,4,4,5,4
1607,y,m,34,4,4,5,4
1608,y,m,34,3,5,3,1
1609,y,m,36,4,4,5,4
1610,y,f,34,4,4,3,3
1611,y,f,34,3,2,3,3
1612,y,f,34,5,5,3,5
1613,y,f,41,4,4,3,5
1614,y,f,34,4,4,5,4
1615,y,f,35,4,5,4,2
1616,y,f,34,4,5,3,3
1617,y,f,34,4,4,5,4
1618,y,f,34,5,3,4,2
1619,y,m,34,4,4,5,4
1620,y,f,34,3,5,5,4
1621,y,f,35,4,5,3,5
1622,y,m,34,4,4,5,4
1623,y,f,34,4,4,5,4
1624,y,f,34,5,5,3,5
1625,y,f,34,5,4,3,5
1626,y,m,34,4,4,3,5
1627,y,f,35,3,4,5,4
1628,y,f,42,4,4,3,3
1629,y,f,35,4,4,4,2
1630,y,f,34,4,4,5,4
1631,y,m,36,4,4,3,3
1632,y,f,34,4,1,3,3
1633,y,m,34,4,4,5,4
1634,y,f,34,3,5,3,3
1635,y,f,34,4,3,3,3
1636,y,m,34,3,4,5,4
1637,y,f,35,4,4,3,3
1638,y,f,34,3,5,5,4
1639,y,f,34,4,1,3,3
1640,y,f,34,2,2,3,3
1641,y,f,34,4,5,4,2
1642,y,f,34,4,4,5,4
1643,y,m,34,3,2,3,5
1644,y,f,35,3,5,5,4
1645,y,f,34,4,4,5,4
1646,y,f,41,4,4,3,5
1647,y,f,34,3,5,5,4
1648,y,f,34,5,5,3,5
1649,y,m,34,4,4,5,4
1650,y,f,34,5,3,4,2
1651,y,f,34,4,1,3,3
1652,y,m,35,4,4,5,4
1653,y,f,34,2,2,3,3
1654,y,f,34,4,4,5,5
1655,y,m,34,4,4,5,4
1656,y,f,34,3,5,5,4
1657,y,m,34,4,4,5,4
1658,y,f,35,3,4,5,4
1659,y,f,35,3,5,5,4
1660,y,f,35,4,4,4,2
1661,y,f,35,3,4,5,4
1662,y,f,34,4,4,5,4
1663,y,f,34,5,4,3,5
1664,y,f,34,5,5,5,4
1665,y,f,34,4,4,3,5
1666,y,m,36,4,4,5,4
1667,y,m,34,3,2,3,5
1668,y,f,34,5,5,5,4
1669,y,m,34,5,4,5,4
1670,y,m,34,3,2,3,5
1671,y,m,34,3,5,3,1
1672,y,m,34,4,4,5,4
1673,y,f,42,4,4,3,3
1674,y,f,34,4,1,3,3
1675,y,f,35,3,4,5,4
1676,y,f,35,4,4,3,3
1677,y,f,34,3,5,3,3
1678,y,f,35,4,4,4,2
1679,y,f,34,4,4,5,4
1680,y,f,41,4,4,3,5
1681,y,f,34,5,5,5,4
1682,y,f,35,4,4,4,2
1683,y,f,34,4,4,3,5
1684,y,f,34,2,2,3,3
1685,y,f,34,4,4,5,4
1686,y,f,34,4,4,5,4
1687,y,f,35,3,4,5,4
1688,y,f,34,3,5,5,4
1689,y,m,36,4,4,3,3
1690,y,f,35,4,4,3,3
1691,y,m,34,4,4,1,3
1692,y,f,34,3,5,5,4
1693,y,f,34,4,4,5,5
1694,y,f,35,4,5,3,5
1695,y,m,37,3,3,3,5
1696,y,f,34,4,4,3,3
1697,y,f,35,4,4,5,4
1698,y,m,34,4,4,1,3
1699,y,f,41,4,4,3,5
1700,y,f,35,3,4,5,4
1701,y,f,36,4,4,5,4
1702,y,f,34,4,4,5,4
1703,y,f,34,3,5,3,3
1704,y,f,34,5,5,3,5
1705,y,m,35,4,4,5,4
1706,y,f,34,4,4,5,4
1707,y,f,35,4,4,3,3
1708,y,f,34,5,4,3,5
1709,y,f,34,5,3,4,2
1710,y,f,34,4,1,3,3
1711,y,f,34,1,3,5,4
1712,y,f,35,4,4,5,4
1713,y,f,35,4,4,5,4
1714,y,m,37,3,3,3,5
1715,y,f,35,3,4,5,4
1716,y,f,35,4,4,5,4
1717,y,m,34,4,4,5,4
1718,y,m,36,4,4,3,3
1719,y,f,35,4,4,3,3
1720,y,f,34,5,5,5,4
1721,y,f,35,4,4,3,3
1722,y,m,34,4,4,5,4
1723,y,f,34,4,5,4,2
1724,y,f,36,4,4,5,4
1725,y,f,36,4,4,5,4
1726,y,f,35,4,4,3,3
1727,y,f,34,4,4,5,4
1728,y,f,35,4,4,5,4
1729,y,f,34,3,5,3,3
1730,y,m,34,4,4,5,4
1731,y,f,35,3,4,5,4
1732,y,f,34,4,3,3,3
1733,y,m,36,4,4,5,4
1734,y,f,34,4,4,5,4
1735,y,f,35,4,4,4,2
1736,y,m,36,4,4,5,4
1737,y,f,34,4,4,3,3
1738,y,f,34,5,3,4,2
1739,y,f,34,1,3,5,4
1740,y,f,34,4,4,5,4
1741,y,m,36,4,4,5,4
1742,y,f,34,5,5,3,5
1743,y,f,34,4,4,5,4
1744,y,f,35,4,5,4,2
1745,y,m,35,4,4,5,4
1746,y,f,34,3,2,3,3
1747,y,m,34,4,4,1,3
1748,y,f,34,2,5,2,3
1749,y,f,34,4,4,5,5
1750,y,f,34,5,3,4,2
1751,y,m,34,4,4,5,4
1752,y,m,37,3,3,3,5
1753,y,f,34,3,5,3,3
1754,y,f,34,3,5,5,4
1755,y,m,34,4,4,5,4
1756,y,m,34,3,4,5,4
1757,y,m,34,4,4,5,4
1758,y,f,34,2,2,3,3
1759,y,f,35,4,5,3,5
1760,y,m,34,4,4,5,4
1761,y,f,35,4,4,3,3
1762,y,m,34,4,4,3,5
1763,y,m,34,5,4,5,4
1764,y,f,34,4,4,5,4
1765,y,f,34,2,5,2,3
1766,y,f,34,3,2,3,3
1767,y,f,34,4,4,5,4
1768,y,f,34,1,3,5,4
1769,y,f,35,4,5,3,5
1770,y,f,36,4,4,5,4
1771,y,f,34,1,3,5,4
1772,y,f,35,3,5,5,4
1773,y,f,34,4,4,5,4
1774,y,f,39,3,4,3,3
1775,y,f,35,3,4,3,3
1776,y,f,35,4,5,3,5
1777,y,f,34,5,4,3,5
1778,y,f,35,4,4,4,2
1779,y,f,34,2,5,2,3
1780,y,m,36,4,4,3,3
1781,y,m,37,3,3,3,5
1782,y,m,34,4,4,3,5
1783,y,f,35,4,4,5,4
1784,y,f,34,5,5,3,5
1785,y,f,34,4,4,5,4
1786,y,f,34,4,4,5,4
1787,y,f,35,4,4,4,2
1788,y,f,34,3,2,3,3
1789,y,f,35,4,5,3,5
1790,y,f,35,4,4,3,3
1791,y,f,34,5,5,5,4
1792,y,f,34,2,5,2,3
1793,y,f,41,4,4,3,5
1794,y,f,34,3,5,5,4
1795,y,m,34,3,5,3,1
1796,y,f,34,2,5,2,3
1797,y,f,34,3,5,3,3
1798,y,f,39,3,4,3,3
1799,y,f,35,3,4,3,3
1800,y,f,34,3,5,5,4
1801,y,f,34,4,4,5,5
1802,y,f,35,4,5,4,2
1803,y,f,42,4,4,3,3
1804,y,m,34,4,4,1,3
1805,y,f,35,3,4,5,4
1806,y,m,34,4,4,5,4
1807,y,f,35,3,4,3,3
1808,y,m,37,3,3,3,5
1809,y,f,35,4,4,3,3
1810,y,f,34,2,5,2,3
1811,y,f,34,3,2,3,3
1812,y,m,36,4,4,5,4
1813,y,f,34,4,4,3,5
1814,y,m,34,4,4,5,4
1815,y,f,35,4,4,3,3
1816,y,f,34,4,5,3,3
1817,y,m,34,4,4,5,4
1818,y,f,39,3,4,3,3
1819,y,m,37,3,3,3,5
1820,y,f,34,3,5,5,4
1821,y,f,34,4,4,5,5
1822,y,f,34,5,3,4,2
1823,y,m,34,4,4,3,3
1824,y,f,34,5,3,4,2
1825,y,f,34,3,5,5,4
1826,y,m,34,4,4,1,3
1827,y,f,34,5,3,4,2
1828,y,m,34,4,4,3,3
1829,y,f,34,4,5,3,3
1830,y,m,35,4,4,5,4
1831,y,f,34,3,5,5,4
1832,y,f,34,4,4,3,3
1833,y,f,34,4,5,3,3
1834,y,f,35,4,4,5,4
1835,y,m,34,4,4,3,5
1836,y,f,34,4,4,5,4
1837,y,m,34,3,2,3,5
1838,y,f,35,3,4,3,3
1839,y,f,39,3,4,3,3
1840,y,f,34,4,4,3,5
1841,y,f,34,4,5,4,2
1842,y,f,35,4,4,5,4
1843,y,f,34,4,4,5,4
1844,y,m,34,5,4,5,4
1845,y,f,34,4,4,5,4
1846,y,f,34,4,5,4,2
1847,y,m,34,4,4,3,5
1848,y,f,34,4,4,5,4
1849,y,m,34,3,2,3,5
1850,y,m,34,4,4,5,4
1851,y,f,34,4,4,3,3
1852,y,f,35,4,4,4,2
1853,y,f,34,4,4,5,5
1854,y,f,35,4,4,3,3
1855,y,f,35,4,5,4,2
1856,y,m,34,3,5,3,1
1857,y,m,34,4,4,3,3
1858,y,f,34,2,5,2,3
1859,y,f,34,4,4,3,3
1860,y,m,34,3,4,5,4
1861,y,f,35,4,4,5,4
1862,y,f,34,3,5,5,4
1863,y,f,34,3,5,5,4
1864,y,m,34,4,4,3,3
1865,y,m,34,3,2,3,5
1866,y,m,34,4,4,3,3
1867,y,f,34,5,5,3,5
1868,y,f,35,3,4,3,3
1869,y,f,34,5,5,3,5
1870,y,f,35,4,5,4,2
1871,y,f,34,4,4,5,4
1872,y,f,34,4,4,5,4
1873,y,m,37,3,3,3,5
1874,y,f,35,4,4,5,4
1875,y,f,35,4,4,4,2
1876,y,f,35,3,4,3,3
1877,y,f,35,3,5,5,4
1878,y,f,34,3,2,3,3
1879,y,f,34,4,5,3,3
1880,y,m,34,4,4,5,4
1881,y,f,34,2,5,2,3
1882,y,f,35,3,4,3,3
1883,y,m,34,4,4,5,4
1884,y,m,34,4,4,5,4
1885,y,f,34,5,5,3,5
1886,y,f,39,3,4,3,3
1887,y,m,36,4,4,3,3
1888,y,f,34,4,3,3,3
1889,y,f,34,4,4,5,5
1890,y,f,35,4,4,3,3
1891,y,m,34,4,4,3,3
1892,y,m,34,3,2,3,5
1893,y,m,34,4,4,5,4
1894,y,m,34,4,4,5,4
1895,y,m,36,4,4,3,3
1896,y,m,34,4,4,1,3
1897,y,f,36,4,4,5,4
1898,y,f,35,3,4,3,3
1899,y,f,34,4,4,5,4
1900,y,m,34,4,4,3,5
1901,y,f,34,4,5,3,3
1902,y,f,34,4,5,4,2
1903,y,f,34,4,4,3,3
1904,y,f,35,4,4,4,2
1905,y,f,34,3,5,5,4
1906,y,f,34,2,2,3,3
1907,y,f,35,3,5,5,4
1908,y,m,34,4,4,1,3
1909,y,f,34,5,5,3,5
1910,y,m,34,4,4,5,4
1911,y,m,36,4,4,5,4
1912,y,m,34,5,4,5,4
1913,y,f,35,3,4,3,3
1914,y,f,42,4,4,3,3
1915,y,f,34,3,5,5,4
1916,y,f,35,3,4,5,4
1917,y,f,34,3,5,5,4
1918,y,f,34,3,5,3,3
1919,y,f,35,4,4,3,3
1920,y,m,37,3,3,3,5
1921,y,f,35,4,5,3,5
1922,y,f,34,4,1,3,3
1923,y,f,34,4,5,4,2
1924,y,f,42,4,4,3,3
1925,y,f,34,5,3,4,2
1926,y,f,34,3,5,5,4
1927,y,f,34,4,5,4,2
1928,y,m,34,3,5,3,1
1929,y,m,36,4,4,5,4
1930,y,m,34,3,2,3,5
1931,y,m,37,3,3,3,5
1932,y,f,34,4,4,3,3
1933,y,f,35,3,4,5,4
1934,y,f,41,4,4,3,5
1935,y,f,34,3,5,5,4
1936,y,f,34,4,4,5,4
1937,y,m,34,4,4,5,4
1938,y,f,34,4,4,5,4
1939,y,f,35,4,4,3,3
1940,y,f,34,4,4,5,4
1941,y,f,34,1,3,5,4
1942,y,f,34,4,5,3,3
1943,y,f,34,3,5,5,4
1944,y,f,34,5,5,3,5
1945,y,f,35,3,4,5,4
1946,y,m,34,3,2,3,5
1947,y,m,34,4,4,3,5
1948,y,f,41,4,4,3,5
1949,y,f,34,4,4,5,4
1950,y,f,34,3,2,3,3
1951,y,f,41,4,4,3,5
1952,y,f,42,4,4,3,3
1953,y,f,34,5,4,3,5
1954,y,f,34,2,2,3,3
1955,y,m,36,4,4,3,3
1956,y,f,35,4,4,3,3
1957,y,m,36,4,4,3,3
1958,y,f,34,4,3,3,3
1959,y,m,37,3,3,3,5
1960,y,f,35,4,5,4,2
1961,y,f,35,4,4,5,4
1962,y,f,34,4,5,3,3
1963,y,m,34,4,4,5,4
1964,y,f,34,3,5,5,4
1965,y,m,34,4,4,3,5
1966,y,f,34,3,5,5,4
1967,y,f,35,4,5,3,5
1968,y,f,35,4,4,5,4
1969,y,f,34,4,4,3,5
1970,y,m,36,4,4,3,3
1971,y,f,34,5,5,5,4
1972,y,m,34,4,4,3,5
1973,y,f,41,4,4,3,5
1974,y,f,34,4,4,5,5
1975,y,f,34,4,4,5,5
1976,y,f,35,4,4,3,3
1977,y,f,34,3,5,5,4
1978,y,f,34,4,4,3,3
1979,y,f,35,3,5,5,4
1980,y,f,34,5,5,3,5
1981,y,f,41,4,4,3,5
1982,y,f,41,4,4,3,5
1983,y,f,34,4,4,5,4
1984,y,f,35,3,4,3,3
1985,y,f,35,4,5,4,2
1986,y,f,35,3,5,5,4
1987,y,f,35,3,5,5,4
1988,y,f,34,4,4,3,3
1989,y,f,34,3,5,5,4
1990,y,f,34,4,4,3,5
1991,y,f,36,4,4,5,4
1992,y,f,34,3,5,5,4
1993,y,f,34,4,4,5,4
1994,y,f,34,4,4,5,5
1995,y,f,34,4,4,5,4
1996,y,f,35,4,5,3,5
1997,y,m,37,3,3,3,5
1998,y,f,34,4,4,5,4
1999,y,m,36,4,4,5,4
2000,y,m,34,4,4,3,5
2001,y,f,34,5,5,3,5
2002,y,f,34,3,5,5,4
2003,y,f,35,3,4,5,4
2004,y,f,34,1,3,5,4
2005,y,f,35,3,4,5,4
2006,y,f,34,4,5,3,3
2007,y,m,36,4,4,3,3
2008,y,m,34,3,4,5,4
2009,y,f,36,4,4,5,4
2010,y,f,35,4,4,4,2
2011,y,f,34,5,4,3,5
2012,y,f,35,4,4,3,3
2013,y,f,34,4,4,3,5
2014,y,f,35,3,4,3,3
2015,y,m,34,5,4,5,4
2016,y,f,34,5,4,3,5
2017,y,f,34,4,4,5,5
2018,y,f,36,4,4,5,4
2019,y,f,34,3,5,5,4
2020,y,f,34,3,5,5,4
2021,y,f,35,4,5,4,2
2022,y,m,34,4,4,3,5
2023,y,f,34,4,4,5,4
2024,y,f,34,4,4,3,3
2025,y,m,34,4,4,1,3
2026,y,f,34,3,5,3,3
2027,y,f,35,3,5,5,4
2028,y,m,34,3,4,5,4
2029,y,f,35,4,5,3,5
2030,y,m,36,4,4,5,4
2031,y,f,35,4,4,3,3
2032,y,f,42,4,4,3,3
2033,y,f,35,3,4,5,4
2034,y,f,34,4,3,3,3
2035,y,m,34,4,4,5,4
2036,y,f,34,2,2,3,3
2037,y,m,34,4,4,5,4
2038,y,f,34,5,5,3,5
2039,y,m,34,3,4,5,4
2040,y,m,35,4,4,5,4
2041,y,m,34,4,4,3,5
2042,y,f,34,2,5,2,3
2043,y,f,35,4,5,3,5
2044,y,f,34,5,4,3,5
2045,y,f,35,4,4,5,4
2046,y,f,34,3,2,3,3
2047,y,f,35,4,4,5,4
2048,y,f,34,5,5,5,4
2049,y,f,35,3,5,5,4
2050,y,m,36,4,4,3,3
2051,y,f,34,3,5,5,4
2052,y,m,34,3,5,3,1
2053,y,m,36,4,4,3,3
2054,y,f,34,4,4,5,4
2055,y,m,35,4,4,5,4
2056,y,f,34,4,4,5,4
2057,y,f,34,5,3,4,2
2058,y,f,35,4,4,5,4
2059,y,m,34,3,5,3,1
2060,y,f,34,4,5,4,2
2061,y,f,34,4,4,3,3
2062,y,f,34,4,4,5,4
2063,y,f,42,4,4,3,3
2064,y,f,35,4,4,5,4
2065,y,m,34,3,4,5,4
2066,y,f,34,5,5,5,4
2067,y,m,37,3,3,3,5
2068,y,f,34,4,1,3,3
2069,y,f,34,4,5,3,3
2070,y,f,34,3,2,3,3
2071,y,m,36,4,4,5,4
2072,y,f,34,4,3,3,3
2073,y,f,35,3,5,5,4
2074,y,m,35,4,4,5,4
2075,y,f,35,3,4,5,4
2076,y,m,34,3,2,3,5
2077,y,f,41,4,4,3,5
2078,y,f,34,5,3,4,2
2079,y,m,34,4,4,5,4
2080,y,f,36,4,4,5,4
2081,y,m,34,4,4,3,3
2082,y,f,34,4,1,3,3
2083,y,m,35,4,4,5,4
2084,y,m,34,4,4,1,3
2085,y,f,35,4,5,4,2
2086,y,m,34,4,4,3,5
2087,y,f,34,3,5,5,4
2088,y,f,35,3,4,3,3
2089,y,f,35,4,5,3,5
2090,y,f,34,3,5,3,3
2091,y,f,34,4,5,3,3
2092,y,f,35,4,4,5,4
2093,y,f,34,4,4,5,4
2094,y,f,36,4,4,5,4
2095,y,f,35,4,5,4,2
2096,y,f,35,3,4,5,4
2097,y,f,34,4,5,4,2
2098,y,f,34,4,4,5,4
2099,y,m,34,5,4,5,4
2100,y,f,34,4,4,5,4
2101,y,f,35,4,4,3,3
2102,y,m,34,4,4,3,3
2103,y,m,35,4,4,5,4
2104,y,m,36,4,4,5,4
2105,y,m,34,4,4,5,4
2106,y,f,34,1,3,5,4
2107,y,f,34,4,4,3,3
2108,y,f,34,3,2,3,3
2109,y,f,34,4,1,3,3
2110,y,f,35,3,4,5,4
2111,y,m,34,4,4,3,5
2112,y,f,34,5,5,5,4
2113,y,f,34,5,3,4,2
2114,y,f,41,4,4,3,5
2115,y,f,35,4,4,5,4
2116,y,f,34,4,4,3,5
2117,y,m,34,3,4,5,4
2118,y,f,34,5,4,3,5
2119,y,m,37,3,3,3,5
2120,y,m,34,4,4,5,4
2121,y,m,36,4,4,5,4
2122,y,m,34,3,4,5,4
2123,y,f,34,3,2,3,3
2124,y,m,34,4,4,5,4
2125,y,f,34,4,4,5,4
2126,y,m,35,4,4,5,4
2127,y,f,34,4,4,3,5
2128,y,f,34,3,5,5,4
2129,y,f,35,4,4,3,3
2130,y,f,39,3,4,3,3
2131,y,f,36,4,4,5,4
2132,y,f,34,5,5,3,5
2133,y,f,34,2,5,2,3
2134,y,f,34,4,4,5,4
2135,y,m,34,4,4,5,4
2136,y,m,36,4,4,5,4
2137,y,f,35,4,5,4,2
2138,y,f,34,4,5,3,3
2139,y,f,34,2,2,3,3
2140,y,f,35,3,4,5,4
2141,y,f,34,4,4,5,4
2142,y,m,34,4,4,3,5
2143,y,f,34,3,5,3,3
2144,y,f,34,2,5,2,3
2145,y,m,34,3,5,3,1
2146,y,f,35,3,4,5,4
2147,y,m,34,4,4,3,5
2148,y,f,34,5,4,3,5
2149,y,f,34,5,3,4,2
2150,y,m,34,4,4,5,4
2151,y,f,34,3,5,5,4
2152,y,m,37,3,3,3,5
2153,y,f,35,4,4,4,2
2154,y,m,34,4,4,5,4
2155,y,f,35,3,4,5,4
2156,y,f,34,3,5,5,4
2157,y,f,34,2,5,2,3
2158,y,m,34,3,4,5,4
2159,y,f,34,4,5,4,2
2160,y,f,34,4,5,3,3
2161,y,m,35,4,4,5,4
2162,y,f,34,4,4,5,4
2163,y,m,34,3,4,5,4
2164,y,f,34,3,5,3,3
2165,y,m,34,3,2,3,5
2166,y,f,35,4,4,3,3
2167,y,f,34,3,5,3,3
2168,y,f,34,3,5,5,4
2169,y,f,35,3,4,5,4
2170,y,f,35,4,4,5,4
2171,y,f,35,4,4,4,2
2172,y,f,34,3,5,3,3
2173,y,f,35,3,4,5,4
2174,y,f,36,4,4,5,4
2175,y,m,34,3,5,3,1
2176,y,f,34,3,5,5,4
2177,y,m,34,3,4,5,4
2178,y,f,35,3,4,5,4
2179,y,f,34,2,2,3,3
2180,y,f,34,3,2,3,3
2181,y,m,34,5,4,5,4
2182,y,f,34,2,5,2,3
2183,y,f,34,2,2,3,3
2184,y,f,35,4,5,3,5
2185,y,f,34,5,3,4,2
2186,y,f,34,3,5,5,4
2187,y,f,34,4,4,3,3
2188,y,f,34,3,5,5,4
2189,y,m,34,4,4,5,4
2190,y,f,34,5,5,3,5
2191,y,f,42,4,4,3,3
2192,y,f,34,4,4,5,4
2193,y,f,34,4,1,3,3
2194,y,f,42,4,4,3,3
2195,y,m,34,4,4,5,4
2196,y,f,34,5,3,4,2
2197,y,f,34,1,3,5,4
2198,y,f,34,4,5,3,3
2199,y,f,34,2,5,2,3
2200,y,m,37,3,3,3,5
2201,y,f,34,4,4,3,5
2202,y,f,34,5,5,5,4
2203,y,f,34,4,4,3,3
2204,y,m,34,4,4,5,4
2205,y,f,34,4,5,3,3
2206,y,f,34,5,5,3,5
2207,y,f,34,4,4,3,5
2208,y,f,36,4,4,5,4
2209,y,m,34,4,4,3,5
2210,y,f,34,3,2,3,3
2211,y,f,34,4,4,5,4
2212,y,m,34,3,2,3,5
2213,y,f,34,4,4,5,4
2214,y,f,35,4,4,4,2
2215,y,m,34,5,4,5,4
2216,y,m,34,3,2,3,5
2217,y,m,34,4,4,5,4
2218,y,m,35,4,4,5,4
2219,y,f,35,3,4,5,4
2220,y,f,34,5,5,5,4
2221,y,m,34,4,4,3,5
2222,y,m,34,4,4,3,5
2223,y,f,34,5,5,3,5
2224,y,f,35,4,5,4,2
2225,y,m,37,3,3,3,5
2226,y,m,36,4,4,3,3
2227,y,f,35,4,4,5,4
2228,y,f,34,5,5,3,5
2229,y,f,34,5,5,5,4
2230,y,f,34,5,4,3,5
2231,y,f,35,3,4,5,4
2232,y,f,34,5,4,3,5
2233,y,f,34,4,4,5,4
2234,y,f,35,4,4,3,3
2235,y,f,35,4,4,3,3
2236,y,f,34,2,2,3,3
2237,y,m,34,4,4,5,4
2238,y,f,34,3,5,3,3
2239,y,f,36,4,4,5,4
2240,y,m,37,3,3,3,5
2241,y,f,34,4,4,5,4
2242,y,m,36,4,4,3,3
2243,y,f,35,3,5,5,4
2244,y,m,34,4,4,5,4
2245,y,f,35,4,4,3,3
2246,y,f,35,4,5,3,5
2247,y,f,35,4,4,5,4
2248,y,f,34,4,5,4,2
2249,y,m,36,4,4,3,3
2250,y,f,34,5,5,5,4
2251,y,f,34,3,5,3,3
2252,y,f,35,4,4,3,3
2253,y,m,34,4,4,5,4
2254,y,f,34,3,5,5,4
2255,y,f,35,3,5,5,4
2256,y,m,34,5,4,5,4
2257,y,f,34,3,5,5,4
2258,y,f,36,4,4,5,4
2259,y,f,42,4,4,3,3
2260,y,f,42,4,4,3,3
2261,y,f,36,4,4,5,4
2262,y,m,34,4,4,3,5
2263,y,m,37,3,3,3,5
2264,y,f,34,5,5,3,5
2265,y,f,34,4,5,4,2
2266,y,f,34,4,4,5,4
2267,y,f,34,4,4,5,4
2268,y,f,41,4,4,3,5
2269,y,f,35,3,5,5,4
2270,y,f,34,4,4,5,5
2271,y,f,34,2,2,3,3
2272,y,f,34,4,5,4,2
2273,y,m,34,4,4,3,5
2274,y,m,34,4,4,1,3
2275,y,f,34,4,4,5,4
2276,y,m,34,4,4,3,5
2277,y,f,35,3,4,3,3
2278,y,f,35,4,4,5,4
2279,y,m,34,4,4,5,4
2280,y,f,34,4,1,3,3
2281,y,f,34,4,5,3,3
2282,y,f,34,4,4,5,5
2283,y,m,34,4,4,3,5
2284,y,f,34,4,4,5,4
2285,y,f,39,3,4,3,3
2286,y,m,34,4,4,5,4
2287,y,f,39,3,4,3,3
2288,y,m,34,3,2,3,5
2289,y,m,36,4,4,3,3
2290,y,f,34,4,5,3,3
2291,y,m,34,4,4,5,4
2292,y,f,35,4,5,3,5
2293,y,m,35,4,4,5,4
2294,y,f,34,4,3,3,3
2295,y,m,34,3,5,3,1
2296,y,m,36,4,4,3,3
2297,y,f,34,5,5,3,5
2298,y,f,35,4,4,5,4
2299,y,f,35,4,5,4,2
2300,y,f,34,5,5,5,4
2301,y,m,35,4,4,5,4
2302,y,f,35,3,4,3,3
2303,y,f,34,3,5,3,3
2304,y,m,34,4,4,5,4
2305,y,f,34,4,4,3,5
2306,y,f,34,2,5,2,3
2307,y,f,39,3,4,3,3
2308,y,f,34,5,5,3,5
2309,y,f,35,4,4,4,2
2310,y,f,36,4,4,5,4
2311,y,f,34,5,5,5,4
2312,y,f,34,4,5,4,2
2313,y,m,34,4,4,5,4
2314,y,f,35,3,5,5,4
2315,y,f,34,5,4,3,5
2316,y,m,34,5,4,5,4
2317,y,f,34,4,3,3,3
2318,y,m,34,5,4,5,4
2319,y,f,34,4,4,3,3
2320,y,f,39,3,4,3,3
2321,y,f,35,4,5,4,2
2322,y,f,35,3,4,5,4
2323,y,f,34,4,4,5,4
2324,y,f,35,3,4,5,4
2325,y,f,34,4,4,5,4
2326,y,f,34,4,1,3,3
2327,y,m,35,4,4,5,4
2328,y,f,41,4,4,3,5
2329,y,f,34,5,3,4,2
2330,y,f,35,4,5,3,5
2331,y,f,34,5,4,3,5
2332,y,f,34,4,4,5,4
2333,y,f,34,3,2,3,3
2334,y,m,34,3,4,5,4
2335,y,f,34,5,4,3,5
2336,y,f,34,5,5,3,5
2337,y,f,35,3,5,5,4
2338,y,m,34,4,4,3,5
2339,y,f,34,4,5,4,2
2340,y,f,36,4,4,5,4
2341,y,f,34,4,4,5,4
2342,y,f,35,3,5,5,4
2343,y,f,35,4,5,4,2
2344,y,f,34,4,4,5,4
2345,y,m,36,4,4,5,4
2346,y,m,35,4,4,5,4
2347,y,f,34,2,5,2,3
2348,y,m,36,4,4,3,3
2349,y,m,34,4,4,3,5
2350,y,f,41,4,4,3,5
2351,y,m,34,4,4,3,5
2352,y,m,34,4,4,5,4
2353,y,f,34,4,4,3,3
2354,y,m,34,3,4,5,4
2355,y,m,34,3,4,5,4
2356,y,f,34,5,4,3,5
2357,y,f,35,3,5,5,4
2358,y,m,34,4,4,3,5
2359,y,m,34,3,2,3,5
2360,y,f,39,3,4,3,3
2361,y,f,36,4,4,5,4
2362,y,m,34,4,4,3,3
2363,y,f,35,4,4,5,4
2364,y,f,35,4,4,3,3
2365,y,f,34,5,4,3,5
2366,y,f,34,5,4,3,5
2367,y,f,34,4,4,5,4
2368,y,f,34,4,5,3,3
2369,y,m,34,4,4,5,4
2370,y,f,34,3,5,3,3
2371,y,f,35,4,4,3,3
2372,y,f,34,3,5,3,3
2373,y,f,35,4,4,5,4
2374,y,f,34,5,5,3,5
2375,y,f,34,5,5,3,5
2376,y,f,35,4,4,5,4
2377,y,f,35,4,4,3,3
2378,y,f,34,1,3,5,4
2379,y,f,34,2,2,3,3
2380,y,f,34,4,4,5,4
2381,y,f,35,4,5,3,5
2382,y,f,35,3,4,3,3
2383,y,f,34,4,4,3,3
2384,y,f,35,4,5,3,5
2385,y,f,34,2,2,3,3
2386,y,f,34,4,4,5,4
2387,y,f,34,2,2,3,3
2388,y,f,34,4,4,5,4
2389,y,f,35,3,5,5,4
2390,y,f,34,4,5,4,2
2391,y,m,34,3,4,5,4
2392,y,m,34,5,4,5,4
2393,y,f,35,4,4,5,4
2394,y,f,34,4,4,5,5
2395,y,f,35,4,5,4,2
2396,y,m,35,4,4,5,4
2397,y,m,34,3,4,5,4
2398,y,f,35,4,4,5,4
2399,y,m,34,5,4,5,4
2400,y,f,34,5,5,5,4
2401,y,m,34,3,2,3,5
2402,y,f,35,3,5,5,4
2403,y,f,35,3,4,3,3
2404,y,f,34,3,5,5,4
2405,y,m,34,4,4,3,3
2406,y,m,34,4,4,1,3
2407,y,f,35,3,5,5,4
2408,y,f,34,3,5,5,4
2409,y,m,36,4,4,3,3
2410,y,f,34,5,5,3,5
2411,y,f,34,4,4,3,3
2412,y,f,35,4,4,5,4
2413,y,f,34,4,1,3,3
2414,y,f,35,4,4,3,3
2415,y,f,34,4,1,3,3
2416,y,m,34,4,4,1,3
2417,y,f,35,4,5,3,5
2418,y,f,34,3,5,5,4
2419,y,f,34,5,5,3,5
2420,y,f,42,4,4,3,3
2421,y,f,39,3,4,3,3
2422,y,f,34,2,2,3,3
2423,y,f,34,4,4,5,4
2424,y,f,34,4,1,3,3
2425,y,f,34,5,4,3,5
2426,y,m,37,3,3,3,5
2427,y,f,34,4,4,5,4
2428,y,m,35,4,4,5,4
2429,y,f,34,4,4,5,4
2430,y,f,34,5,4,3,5
2431,y,m,37,3,3,3,5
2432,y,m,34,5,4,5,4
2433,y,f,34,4,4,5,5
2434,y,f,35,4,4,5,4
2435,y,f,35,4,5,4,2
2436,y,f,34,3,5,5,4
2437,y,m,34,3,5,3,1
2438,y,f,34,5,5,3,5
2439,y,m,34,4,4,5,4
2440,y,f,34,5,4,3,5
2441,y,f,34,5,5,5,4
2442,y,f,35,4,5,3,5
2443,y,f,34,5,5,3,5
2444,y,f,35,4,4,4,2
2445,y,f,34,5,5,3,5
2446,y,f,34,4,4,5,4
2447,y,f,34,3,5,3,3
2448,y,f,34,1,3,5,4
2449,y,f,42,4,4,3,3
2450,y,m,34,4,4,3,5
2451,y,m,34,4,4,3,5
2452,y,f,34,4,4,3,3
2453,y,m,34,4,4,5,4
2454,y,f,34,4,5,3,3
2455,y,f,34,4,4,5,5
2456,y,f,34,4,4,3,5
2457,y,f,34,4,4,5,4
2458,y,f,34,4,4,5,4
2459,y,f,34,4,4,5,5
2460,y,f,35,4,4,5,4
2461,y,f,34,4,4,5,4
2462,y,f,34,3,2,3,3
2463,y,f,35,3,4,5,4
2464,y,f,35,4,5,3,5
2465,y,m,34,4,4,1,3
2466,y,f,35,4,5,3,5
2467,y,f,34,5,5,3,5
2468,y,f,34,4,4,5,5
2469,y,f,34,4,4,3,3
2470,y,f,34,5,3,4,2
2471,y,f,34,4,4,5,4
2472,y,f,34,5,5,5,4
2473,y,m,34,3,5,3,1
2474,y,f,42,4,4,3,3
2475,y,m,34,4,4,5,4
2476,y,m,34,5,4,5,4
2477,y,f,34,5,3,4,2
2478,y,f,34,4,4,5,4
2479,y,f,34,4,5,3,3
2480,y,f,34,4,4,3,3
2481,y,f,34,5,4,3,5
2482,y,f,34,4,4,5,4
2483,y,f,41,4,4,3,5
2484,y,m,35,4,4,5,4
2485,y,f,34,4,4,5,4
2486,y,f,34,4,4,5,4
2487,y,f,34,4,4,5,4
2488,y,f,34,1,3,5,4
2489,y,m,34,4,4,5,4
2490,y,f,35,4,4,5,4
2491,y,f,35,3,5,5,4
2492,y,m,34,4,4,3,5
2493,y,f,34,4,3,3,3
2494,y,f,34,4,4,5,4
2495,y,f,35,4,5,3,5
2496,y,f,34,5,5,5,4
2497,y,f,34,4,3,3,3
2498,y,f,34,5,5,5,4
2499,y,f,34,2,5,2,3
2500,y,f,34,5,5,5,4
2501,y,m,34,4,4,5,4
2502,y,m,34,4,4,5,4
2503,y,f,34,3,5,5,4
2504,y,f,42,4,4,3,3
2505,y,m,36,4,4,5,4
2506,y,f,34,4,4,3,3
2507,y,m,35,4,4,5,4
2508,y,f,34,4,4,5,5
2509,y,f,35,4,4,3,3
2510,y,m,35,4,4,5,4
2511,y,m,36,4,4,3,3
2512,y,f,36,4,4,5,4
2513,y,f,35,4,4,3,3
2514,y,f,34,4,4,5,4
2515,y,f,34,5,3,4,2
2516,y,f,34,4,1,3,3
2517,y,m,34,4,4,5,4
2518,y,m,34,5,4,5,4
2519,y,f,34,4,1,3,3
2520,y,f,34,5,4,3,5
2521,y,f,34,4,5,4,2
2522,y,f,34,4,4,5,4
2523,y,f,34,3,2,3,3
2524,y,f,34,1,3,5,4
2525,y,f,34,4,4,3,5
2526,y,m,34,4,4,1,3
2527,y,f,42,4,4,3,3
2528,y,m,34,3,5,3,1
2529,y,m,37,3,3,3,5
2530,y,m,34,4,4,3,5
2531,y,m,34,4,4,5,4
2532,y,f,34,1,3,5,4
2533,y,f,34,5,5,3,5
2534,y,f,34,4,4,3,5
2535,y,f,34,4,4,5,5
2536,y,f,34,4,4,5,5
2537,y,f,35,4,4,4,2
2538,y,m,34,3,2,3,5
2539,y,f,34,4,4,3,3
2540,y,f,34,4,4,3,3
2541,y,f,34,3,5,5,4
2542,y,m,34,3,4,5,4
2543,y,m,36,4,4,5,4
2544,y,m,34,4,4,3,3
2545,y,f,34,4,5,4,2
2546,y,f,35,4,4,5,4
2547,y,m,34,4,4,3,5
2548,y,f,34,5,4,3,5
2549,y,m,36,4,4,3,3
2550,y,f,39,3,4,3,3
2551,y,f,35,3,5,5,4
2552,y,f,35,3,4,5,4
2553,y,f,34,2,5,2,3
2554,y,m,34,3,4,5,4
2555,y,f,34,2,5,2,3
2556,y,m,34,3,5,3,1
2557,y,f,34,4,4,5,4
2558,y,f,35,3,4,3,3
2559,y,f,35,4,5,4,2
2560,y,f,34,4,4,5,4
2561,y,f,35,4,4,5,4
2562,y,m,34,4,4,5,4
2563,y,f,34,4,4,5,4
2564,y,f,39,3,4,3,3
2565,y,f,34,3,2,3,3
2566,y,m,34,3,2,3,5
2567,y,f,34,4,4,5,4
2568,y,m,34,4,4,1,3
2569,y,m,34,4,4,5,4
2570,y,f,34,4,3,3,3
2571,y,f,39,3,4,3,3
2572,y,m,34,4,4,1,3
2573,y,f,34,4,4,3,3
2574,y,f,35,3,4,3,3
2575,y,m,36,4,4,5,4
2576,y,m,36,4,4,3,3
2577,y,m,34,5,4,5,4
2578,y,f,35,3,4,5,4
2579,y,f,36,4,4,5,4
2580,y,f,34,2,2,3,3
2581,y,f,34,5,5,3,5
2582,y,f,34,4,1,3,3
2583,y,m,34,4,4,1,3
2584,y,f,35,3,4,5,4
2585,y,f,34,4,4,5,4
2586,y,f,34,4,1,3,3
2587,y,f,34,3,5,5,4
2588,y,m,34,4,4,5,4
2589,y,f,34,5,5,3,5
2590,y,f,35,3,4,5,4
2591,y,f,35,4,4,4,2
2592,y,f,35,4,4,5,4
2593,y,f,34,5,3,4,2
2594,y,f,34,4,4,3,3
2595,y,f,34,2,2,3,3
2596,y,f,34,3,5,5,4
2597,y,f,34,4,4,3,5
2598,y,f,34,4,5,4,2
2599,y,f,34,4,4,5,4
2600,y,f,34,4,4,5,4
2601,y,f,35,4,4,5,4
2602,y,f,35,4,5,4,2
2603,y,m,34,5,4,5,4
2604,y,f,34,5,5,5,4
2605,y,f,34,5,5,3,5
2606,y,f,34,3,5,5,4
2607,y,f,34,4,5,4,2
2608,y,f,34,5,5,5,4
2609,y,f,34,4,4,5,4
2610,y,f,34,4,4,5,4
2611,y,f,34,4,5,3,3
2612,y,f,34,5,5,3,5
2613,y,f,34,3,5,3,3
2614,y,m,34,5,4,5,4
2615,y,f,34,4,4,3,5
2616,y,f,35,3,4,3,3
2617,y,f,35,4,4,5,4
2618,y,f,34,5,3,4,2
2619,y,f,34,4,4,3,3
2620,y,m,34,3,5,3,1
2621,y,f,34,4,4,5,5
2622,y,f,34,4,4,5,4
2623,y,f,34,4,3,3,3
2624,y,f,35,4,4,5,4
2625,y,f,35,4,4,5,4
2626,y,f,34,4,1,3,3
2627,y,f,35,4,4,4,2
2628,y,m,34,4,4,5,4
2629,y,f,35,4,5,4,2
2630,y,f,35,3,5,5,4
2631,y,m,34,3,4,5,4
2632,y,f,34,3,5,5,4
2633,y,f,35,3,4,5,4
2634,y,f,35,4,4,3,3
2635,y,f,34,5,5,3,5
2636,y,f,35,4,4,3,3
2637,y,f,34,4,4,3,3
2638,y,m,34,4,4,3,5
2639,y,f,34,2,2,3,3
2640,y,f,34,5,5,3,5
2641,y,f,34,3,5,5,4
2642,y,f,34,1,3,5,4
2643,y,f,34,4,4,5,4
2644,y,f,35,4,4,4,2
2645,y,f,35,4,5,4,2
2646,y,f,34,4,4,5,4
2647,y,m,36,4,4,5,4
2648,y,m,34,4,4,5,4
2649,y,f,35,4,4,3,3
2650,y,f,34,4,4,3,3
2651,y,f,34,3,5,3,3
2652,y,m,34,4,4,3,3
2653,y,f,35,4,4,5,4
2654,y,f,34,4,4,3,3
2655,y,f,35,3,5,5,4
2656,y,f,34,3,5,5,4
2657,y,f,34,3,5,5,4
2658,y,f,34,5,3,4,2
2659,y,f,34,3,2,3,3
2660,y,m,36,4,4,5,4
2661,y,m,34,4,4,3,5
2662,y,f,35,3,4,5,4
2663,y,f,35,4,4,5,4
2664,y,f,34,5,5,5,4
2665,y,f,34,4,4,3,3
2666,y,f,34,4,4,5,4
2667,y,m,34,4,4,5,4
2668,y,m,34,4,4,3,5
2669,y,m,34,4,4,3,5
2670,y,m,34,4,4,3,5
2671,y,f,34,1,3,5,4
2672,y,f,34,5,5,3,5
2673,y,f,34,3,5,5,4
2674,y,f,41,4,4,3,5
2675,y,f,34,4,4,5,4
2676,y,f,34,2,5,2,3
2677,y,m,34,4,4,3,3
2678,y,f,34,3,2,3,3
2679,y,f,34,4,3,3,3
2680,y,f,34,3,5,5,4
2681,y,f,34,3,5,5,4
2682,y,f,39,3,4,3,3
2683,y,m,37,3,3,3,5
2684,y,m,34,4,4,1,3
2685,y,m,34,3,5,3,1
2686,y,f,34,3,5,5,4
2687,y,f,35,3,4,5,4
2688,y,f,34,4,4,5,4
2689,y,f,41,4,4,3,5
2690,y,f,39,3,4,3,3
2691,y,f,34,4,4,5,5
2692,y,m,34,4,4,3,5
2693,y,f,34,4,3,3,3
2694,y,f,36,4,4,5,4
2695,y,f,34,4,4,5,4
2696,y,f,35,4,4,3,3
2697,y,m,34,4,4,5,4
2698,y,f,34,1,3,5,4
2699,y,f,35,3,4,3,3
2700,y,f,35,4,4,3,3
2701,y,m,34,3,2,3,5
2702,y,f,34,5,3,4,2
2703,y,m,35,4,4,5,4
2704,y,f,34,3,5,5,4
2705,y,f,35,4,5,4,2
2706,y,m,34,4,4,5,4
2707,y,f,34,2,2,3,3
2708,y,m,34,5,4,5,4
2709,y,m,34,4,4,3,3
2710,y,m,34,4,4,3,5
2711,y,m,34,4,4,5,4
2712,y,f,42,4,4,3,3
2713,y,f,36,4,4,5,4
2714,y,m,34,3,4,5,4
2715,y,m,34,4,4,1,3
2716,y,m,34,4,4,3,5
2717,y,f,35,4,5,4,2
2718,y,f,35,3,4,3,3
2719,y,f,34,3,5,3,3
2720,y,f,35,4,4,3,3
2721,y,f,34,4,3,3,3
2722,y,f,34,3,5,3,3
2723,y,f,35,4,4,5,4
2724,y,f,34,3,5,5,4
2725,y,f,34,3,2,3,3
2726,y,f,34,4,4,5,4
2727,y,f,41,4,4,3,5
2728,y,f,35,4,4,3,3
2729,y,m,34,5,4,5,4
2730,y,f,34,2,2,3,3
2731,y,f,35,3,4,3,3
2732,y,f,34,2,2,3,3
2733,y,f,34,2,5,2,3
2734,y,f,34,4,4,3,5
2735,y,m,35,4,4,5,4
2736,y,f,34,4,5,4,2
2737,y,f,34,2,2,3,3
2738,y,f,42,4,4,3,3
2739,y,f,34,4,3,3,3
2740,y,f,34,3,2,3,3
2741,y,f,34,4,1,3,3
2742,y,f,34,4,4,5,4
2743,y,m,34,3,2,3,5
2744,y,f,34,5,5,3,5
2745,y,m,34,4,4,3,3
2746,y,f,34,5,3,4,2
2747,y,f,35,3,4,5,4
2748,y,f,34,4,4,5,4
2749,y,f,35,4,4,4,2
2750,y,f,35,4,4,5,4
2751,y,f,34,5,5,3,5
2752,y,m,34,4,4,5,4
2753,y,f,42,4,4,3,3
2754,y,f,35,3,4,3,3
2755,y,m,34,4,4,3,3
2756,y,f,34,4,5,4,2
2757,y,f,34,4,4,3,5
2758,y,m,36,4,4,3,3
2759,y,f,34,4,4,5,4
2760,y,m,34,3,5,3,1
2761,y,m,34,4,4,3,5
2762,y,f,34,4,4,3,5
2763,y,f,34,5,5,3,5
2764,y,m,34,4,4,3,3
2765,y,f,34,4,4,5,4
2766,y,f,34,4,4,5,4
2767,y,m,34,3,2,3,5
2768,y,f,34,1,3,5,4
2769,y,f,35,3,4,5,4
2770,y,f,34,3,5,5,4
2771,y,f,35,3,4,5,4
2772,y,f,34,4,4,5,4
2773,y,f,35,4,5,4,2
2774,y,f,42,4,4,3,3
2775,y,f,36,4,4,5,4
2776,y,f,35,4,4,3,3
2777,y,f,34,5,5,3,5
2778,y,f,35,3,4,3,3
2779,y,f,34,5,5,3,5
2780,y,f,34,4,4,5,5
2781,y,f,39,3,4,3,3
2782,y,m,34,4,4,1,3
2783,y,f,34,5,5,3,5
2784,y,m,34,4,4,3,5
2785,y,f,34,4,4,5,4
2786,y,f,35,4,5,4,2
2787,y,f,34,4,1,3,3
2788,y,f,35,4,4,4,2
2789,y,f,34,4,4,5,4
2790,y,f,42,4,4,3,3
2791,y,f,34,4,4,5,4
2792,y,m,36,4,4,5,4
2793,y,f,34,4,4,5,4
2794,y,f,34,4,4,5,4
2795,y,f,35,4,5,3,5
2796,y,f,39,3,4,3,3
2797,y,f,34,4,4,3,5
2798,y,m,37,3,3,3,5
2799,y,f,34,1,3,5,4
2800,y,f,35,4,4,3,3
2801,y,f,35,3,4,5,4
2802,y,m,36,4,4,3,3
2803,y,f,35,4,5,3,5
2804,y,f,34,5,5,3,5
2805,y,f,34,4,5,3,3
2806,y,f,34,4,4,5,5
2807,y,f,35,4,4,3,3
2808,y,m,34,4,4,3,3
2809,y,f,34,5,5,3,5
2810,y,f,34,4,4,5,4
2811,y,f,34,4,5,3,3
2812,y,m,34,3,4,5,4
2813,y,f,34,4,4,5,4
2814,y,f,34,5,5,5,4
2815,y,f,35,4,4,5,4
2816,y,f,35,4,5,4,2
2817,y,f,34,4,4,3,3
2818,y,m,34,4,4,5,4
2819,y,f,34,5,5,5,4
2820,y,f,35,3,4,5,4
2821,y,f,34,2,5,2,3
2822,y,f,34,4,3,3,3
2823,y,f,34,4,4,3,3
2824,y,m,36,4,4,3,3
2825,y,f,35,3,4,5,4
2826,y,f,34,5,4,3,5
2827,y,f,34,3,5,5,4
2828,y,f,39,3,4,3,3
2829,y,f,35,4,4,5,4
2830,y,f,34,5,3,4,2
2831,y,f,34,3,5,5,4
2832,y,m,34,4,4,5,4
2833,y,f,34,3,5,3,3
2834,y,f,34,4,5,3,3
2835,y,m,36,4,4,5,4
2836,y,m,36,4,4,3,3
2837,y,f,35,3,4,5,4
2838,y,f,41,4,4,3,5
2839,y,f,34,5,5,3,5
2840,y,f,34,4,4,5,5
2841,y,f,34,4,4,3,3
2842,y,m,34,5,4,5,4
2843,y,f,34,4,4,3,3
2844,y,f,34,4,3,3,3
2845,y,f,39,3,4,3,3
2846,y,f,34,4,4,3,3
2847,y,f,34,4,4,3,5
2848,y,f,35,3,4,5,4
2849,y,f,34,3,5,5,4
2850,y,m,34,4,4,5,4
2851,y,f,34,3,2,3,3
2852,y,f,35,4,4,3,3
2853,y,f,41,4,4,3,5
2854,y,f,36,4,4,5,4
2855,y,m,36,4,4,5,4
2856,y,m,34,4,4,3,5
2857,y,m,34,4,4,5,4
2858,y,f,35,4,5,3,5
2859,y,f,34,4,5,3,3
2860,y,f,35,3,4,5,4
2861,y,f,34,4,4,5,4
2862,y,f,39,3,4,3,3
2863,y,f,41,4,4,3,5
2864,y,m,34,3,5,3,1
2865,y,m,36,4,4,3,3
2866,y,f,34,4,3,3,3
2867,y,f,34,5,3,4,2
2868,y,f,35,3,4,3,3
2869,y,f,34,3,5,5,4
2870,y,m,34,4,4,3,3
2871,y,m,34,4,4,5,4
2872,y,f,35,3,5,5,4
2873,y,f,34,4,4,5,5
2874,y,f,34,5,4,3,5
2875,y,f,34,4,5,3,3
2876,y,f,39,3,4,3,3
2877,y,f,34,1,3,5,4
2878,y,f,34,4,4,3,3
2879,y,m,34,4,4,3,5
2880,y,f,35,4,5,3,5
2881,y,m,34,4,4,5,4
2882,y,f,34,4,4,3,3
2883,y,f,34,5,3,4,2
2884,y,m,34,3,5,3,1
2885,y,m,34,4,4,5,4
2886,y,m,34,3,5,3,1
2887,y,f,34,5,5,3,5
2888,y,f,34,2,2,3,3
2889,y,f,35,3,4,5,4
2890,y,f,34,3,5,5,4
2891,y,f,34,4,4,5,4
2892,y,m,35,4,4,5,4
2893,y,f,34,2,2,3,3
2894,y,m,34,5,4,5,4
2895,y,m,34,4,4,3,5
2896,y,f,34,5,5,5,4
2897,y,f,34,5,3,4,2
2898,y,f,35,4,4,3,3
2899,y,m,34,4,4,5,4
2900,y,f,34,3,5,3,3
2901,y,f,34,1,3,5,4
2902,y,f,34,3,2,3,3
2903,y,f,35,3,4,3,3
2904,y,f,34,1,3,5,4
2905,y,f,34,4,4,3,3
2906,y,f,35,4,4,3,3
2907,y,f,34,3,5,5,4
2908,y,m,34,4,4,1,3
2909,y,m,34,3,2,3,5
2910,y,m,34,4,4,3,5
2911,y,f,35,3,4,5,4
2912,y,f,35,3,4,5,4
2913,y,f,34,4,1,3,3
2914,y,f,35,4,4,4,2
2915,y,m,34,4,4,5,4
2916,y,m,34,4,4,5,4
2917,y,f,34,4,4,5,4
2918,y,m,34,4,4,1,3
2919,y,m,34,4,4,5,4
2920,y,f,34,2,2,3,3
2921,y,f,35,4,4,5,4
2922,y,f,34,4,4,5,4
2923,y,f,34,4,4,5,4
2924,y,f,41,4,4,3,5
2925,y,f,34,4,5,3,3
2926,y,m,34,3,4,5,4
2927,y,f,34,4,3,3,3
2928,y,f,35,3,5,5,4
2929,y,f,34,3,2,3,3
2930,y,m,34,4,4,1,3
2931,y,f,34,5,5,3,5
2932,y,m,34,3,5,3,1
2933,y,f,39,3,4,3,3
2934,y,f,34,4,4,3,3
2935,y,f,34,4,5,4,2
2936,y,f,34,5,4,3,5
2937,y,f,34,3,2,3,3
2938,y,f,34,3,5,5,4
2939,y,m,34,4,4,3,5
2940,y,m,37,3,3,3,5
2941,y,f,34,4,4,3,3
2942,y,f,34,4,4,3,5
2943,y,m,34,4,4,1,3
2944,y,f,34,4,4,3,3
2945,y,f,35,4,4,5,4
2946,y,m,34,4,4,3,5
2947,y,f,34,3,5,5,4
2948,y,f,34,3,2,3,3
2949,y,f,34,2,5,2,3
2950,y,m,34,4,4,3,3
2951,y,m,34,5,4,5,4
2952,y,f,34,4,4,3,3
2953,y,f,34,4,4,5,4
2954,y,f,34,5,5,3,5
2955,y,f,41,4,4,3,5
2956,y,f,35,4,4,5,4
2957,y,f,34,3,2,3,3
2958,y,f,35,3,4,5,4
2959,y,f,35,4,4,5,4
2960,y,f,34,4,4,5,4
2961,y,f,34,4,4,5,4
2962,y,f,35,3,4,5,4
2963,y,m,34,4,4,1,3
2964,y,m,34,5,4,5,4
2965,y,f,36,4,4,5,4
2966,y,m,34,4,4,3,5
2967,y,f,34,3,5,5,4
2968,y,m,36,4,4,3,3
2969,y,f,34,4,4,3,5
2970,y,f,34,4,4,5,4
2971,y,f,36,4,4,5,4
2972,y,m,36,4,4,5,4
2973,y,f,35,3,4,5,4
2974,y,f,34,3,5,5,4
2975,y,m,36,4,4,5,4
2976,y,f,34,3,5,5,4
2977,y,f,34,2,5,2,3
2978,y,f,34,4,4,5,5
2979,y,m,35,4,4,5,4
2980,y,f,35,3,5,5,4
2981,y,m,35,4,4,5,4
2982,y,m,35,4,4,5,4
2983,y,f,34,4,4,5,4
2984,y,m,34,3,2,3,5
2985,y,f,34,4,4,5,4
2986,y,f,34,5,5,3,5
2987,y,f,34,4,4,5,4
2988,y,m,34,3,5,3,1
2989,y,f,39,3,4,3,3
2990,y,f,34,1,3,5,4
2991,y,f,34,4,3,3,3
2992,y,f,34,4,3,3,3
2993,y,f,34,4,4,3,3
2994,y,f,34,2,5,2,3
2995,y,m,34,4,4,1,3
2996,y,f,34,4,5,4,2
2997,y,m,36,4,4,3,3
2998,y,f,35,4,4,5,4
2999,y,f,34,4,4,3,3
